1,"Participant 036","Consistant","Target 1 Raw Latency",1466,1311,1295,1997,1903,1982,1295,1498,1669,2839,1357,2200,1030,1358,1701,1685,1264,904,1061,3572,1014,1155,1061,1653,967,1513,1623,1388,1061,936,1279,1186
1,"Participant 036","Consistant","Target 2 Raw Latency",1591,2590,2028,1747,1014,2246,1232,1295,1404,1155,1139,1717,998,983,1123,1248,889,1185,1123,1731,1186,1030,1466,1076,1123,1467,2199,1342,1046,1123,1794,1107
1,"Participant 036","Consistant","Target 3 Raw Latency",1092,1825,1731,2153,1123,1233,1576,1419,1014,4040,904,1794,1389,904,1966,1217,1123,967,1185,1388,1061,1108,1014,1248,1591,1092,1138,1295,1045,1076,1810,2356
1,"Participant 036","Consistant","Target 4 Raw Latency",1326,1451,1482,1420,1435,1607,1279,1248,2153,1513,1420,1076,1513,982,1326,1123,889,1170,2855,1123,1326,1451,1575,1513,811,1404,2215,1248,968,983,1638,1123
1,"Participant 036","Consistant","Target 5 Raw Latency",1201,1451,2480,1622,1513,1186,1450,1279,1560,1232,1794,1310,1170,1045,1841,1154,1934,1294,5585,1107,1482,1107,1139,1513,842,1201,1404,2199,1046,1029,1451,2184
1,"Participant 036","Consistant","Target 6 Raw Latency",1201,1124,1513,4602,1076,1107,1155,1731,983,1170,1513,2324,999,1373,1762,1654,983,2293,1482,1202,967,1107,1435,2403,1357,967,983,1295,982,1045,1544,1342
1,"Participant 036","Consistant","Target 7 Raw Latency",0,0,0,0,0,0,0,0,0,0,0,0,0,0,0,0,0,0,0,0,0,0,0,0,0,0,0,0,0,0,0,0
1,"Participant 036","Consistant","Target 8 Raw Latency",0,0,0,0,0,0,0,0,0,0,0,0,0,0,0,0,0,0,0,0,0,0,0,0,0,0,0,0,0,0,0,0
1,"Participant 036","Consistant","Target 9 Raw Latency",0,0,0,0,0,0,0,0,0,0,0,0,0,0,0,0,0,0,0,0,0,0,0,0,0,0,0,0,0,0,0,0
1,"Participant 036","Consistant","Target 10 Raw Latency",0,0,0,0,0,0,0,0,0,0,0,0,0,0,0,0,0,0,0,0,0,0,0,0,0,0,0,0,0,0,0,0
1,"Participant 036","Consistant","Target 11 Raw Latency",0,0,0,0,0,0,0,0,0,0,0,0,0,0,0,0,0,0,0,0,0,0,0,0,0,0,0,0,0,0,0,0
1,"Participant 036","Consistant","Target 12 Raw Latency",0,0,0,0,0,0,0,0,0,0,0,0,0,0,0,0,0,0,0,0,0,0,0,0,0,0,0,0,0,0,0,0
1,"Participant 036","Consistant","Target 1 Accuracy","Correct","Wrong","Correct","Correct","Correct","Wrong","Correct","Correct","Wrong","Wrong","Correct","Wrong","Correct","Correct","Correct","Correct","Correct","Correct","Correct","Correct","Correct","Correct","Correct","Correct","Correct","Correct","Correct","Correct","Correct","Correct","Correct","Correct"
1,"Participant 036","Consistant","Target 2 Accuracy","Correct","Correct","Correct","Wrong","Correct","Correct","Correct","Correct","Correct","Correct","Correct","Correct","Correct","Correct","Correct","Correct","Wrong","Correct","Correct","Correct","Correct","Correct","Correct","Correct","Correct","Correct","Correct","Correct","Correct","Correct","Correct","Wrong"
1,"Participant 036","Consistant","Target 3 Accuracy","Correct","Correct","Correct","Correct","Correct","Correct","Correct","Correct","Wrong","Correct","Correct","Correct","Correct","Correct","Correct","Correct","Correct","Correct","Correct","Correct","Correct","Correct","Correct","Correct","Correct","Correct","Correct","Correct","Correct","Correct","Correct","Correct"
1,"Participant 036","Consistant","Target 4 Accuracy","Correct","Correct","Correct","Correct","Wrong","Correct","Correct","Correct","Correct","Correct","Correct","Correct","Correct","Correct","Correct","Correct","Correct","Correct","Correct","Correct","Correct","Correct","Correct","Wrong","Correct","Wrong","Correct","Correct","Correct","Correct","Correct","Correct"
1,"Participant 036","Consistant","Target 5 Accuracy","Correct","Correct","Correct","Correct","Correct","Correct","Correct","Correct","Correct","Correct","Correct","Wrong","Correct","Correct","Correct","Wrong","Correct","Wrong","Wrong","Correct","Correct","Correct","Correct","Wrong","Correct","Correct","Correct","Correct","Correct","Correct","Wrong","Correct"
1,"Participant 036","Consistant","Target 6 Accuracy","Correct","Correct","Correct","Correct","Wrong","Correct","Correct","Correct","Correct","Correct","Correct","Correct","Correct","Correct","Wrong","Correct","Correct","Correct","Correct","Correct","Correct","Correct","Correct","Correct","Correct","Correct","Wrong","Correct","Correct","Correct","Wrong","Correct"
1,"Participant 036","Consistant","Target 7 Accuracy",,,,,,,,,,,,,,,,,,,,,,,,,,,,,,,,
1,"Participant 036","Consistant","Target 8 Accuracy",,,,,,,,,,,,,,,,,,,,,,,,,,,,,,,,
1,"Participant 036","Consistant","Target 9 Accuracy",,,,,,,,,,,,,,,,,,,,,,,,,,,,,,,,
1,"Participant 036","Consistant","Target 10 Accuracy",,,,,,,,,,,,,,,,,,,,,,,,,,,,,,,,
1,"Participant 036","Consistant","Target 11 Accuracy",,,,,,,,,,,,,,,,,,,,,,,,,,,,,,,,
1,"Participant 036","Consistant","Target 12 Accuracy",,,,,,,,,,,,,,,,,,,,,,,,,,,,,,,,
