1,"***********************************************************************"
1,"***********************************************************************"
1,"***********************************************************************"
1,""
1,"                            IRAP 2012 Program"
1,"  Conceptualised, Designed and Software Written by Dermot Barnes-Holmes"
1,"                   Additions to the 2012 version by Ian Hussey"
1,"                         IRAP Data Summary File"
1,""
1,""
1,"***********************************************************************"
1,"***********************************************************************"
1,"***********************************************************************"
1,""
1,"IRAP Paramenter Summary"
1,""
1,"Participant Name or Code: ","48"
1,""
1,"Sample Stimuli Were Words"
1,"Target Stimuli Were Words"
1,"The Practice and Testing IRAP was Selected"
1,"The Consistent-First Sequence was Selected"
1,"Number of Test Blocks Selected was: ",6
1,"Minimum Percent Correct Practice Criterion was: ",80
1,"Maximum Median Latency Practice Criterion was: ",2000
1,"Maximum Number of Training or Practice Exposures was: ",4
1,"Response Latency Feedback was Presented, except on the first pair of Con/Incon Practice Blocks"
1,"The Trial Type Parameter was Selected"
1,"Maximum Run of Same Trial Type was","1"
1,"Position of Response Options was Set to Moving"
1,"Maximum Run of Response Options in Same Position was: ","3"
1,"The consistent responding rule was: ","Gelieve te antwoorden ALSOF IK VERLANG competent te zijn en IK VERLANG NIET incompetent te zijn"
1,"The inconsistent responding rule was: ","Gelieve te antwoorden ALSOF IK VERLANG incompetent te zijn en IK VERLANG NIET competent te zijn"
1,"The Latency Feedback Message presented to participants was: ","!"
1,"Latency Feedback Delay was: ","2000"
1,""
1,"The Stimuli used were: "
1,"Sample 1","Sample 2","Target 1","Target 2"
1,"Ik verlang","Ik verlang niet","Bekwaam","Mislukt"
1,"Ik verlang","Ik verlang niet","Succesvol","Onbekwaam"
1,"Ik verlang","Ik verlang niet","Capabel","Gefaald"
1,"Ik verlang","Ik verlang niet","Kundig","Onkundig"
1,"Ik verlang","Ik verlang niet","Competent","Incompetent"
1,"Ik verlang","Ik verlang niet","Vaardig","Dom"
1,"","","",""
1,"","","",""
1,"","","",""
1,"","","",""
1,"","","",""
1,"","","",""
1,""
1,""
1,""
1,"***********************************************************************"
1,"***********************************************************************"
1,""
1,""
1,"Output Summary"
1,""
1,"Participant Name or Code: ","48"
1,""
1,"Accuracies and latencies on each block"
1,"","Percent correct (%)","Median Latencies (ms)"
1,"Final consistent practice block: ",100,1287
1,"Final inconsistent practice block: ",96,1365
1,"First consistent test block: ",96,1303
1,"First inconsistent test block: ",83,1420
1,"Second consistent test block: ",100,1139
1,"Second inconsistent test block: ",96,1193
1,"Third consistent test block: ",79,1295
1,"Third inconsistent test block: ",96,1232
1,""
1,""
1,"Dscores"
1,"","","","Final Practice Block","First test block Dscores","Second test block Dscores","Third test block Dscores","Mean Dscores (Test Blocks Only)"
1,"Sample1 Target1, e.g.: ","Ik verlang","Bekwaam",3.71412179295722,.677143439743668,1.46146635094278,.162114788275819,.766908192987424
1,"Sample1 Target2, e.g.: ","Ik verlang","Mislukt",-.255311283888764,6.48024000670837E-02,9.22566510180245E-02,-1.17556993555693,-.339503628157275
1,"Sample2 Target1, e.g.: ","Ik verlang niet","Bekwaam",1.17819704639523,.469744208492813,-6.67351608109586E-02,-.274712846503249,4.27654003928685E-02
1,"Sample2 Target2, e.g.: ","Ik verlang niet","Mislukt",4.64857432192526E-02,.770254810959228,-.282141667557863,-.695228824993162,-6.90385605305987E-02
1,""
1,"Dscores for Odd trials (to calculate split-half reliability)"
1,"","","","Final Practice Block","First test block Dscores","Second test block Dscores","Third test block Dscores","Mean Dscores (Test Blocks Only)"
1,"Sample1 Target1, e.g.: ","Ik verlang","Bekwaam",3.55285838994825,1.3463162855072,1.66371329924956,.624976071213191,1.21166855198999
1,"Sample1 Target2, e.g.: ","Ik verlang","Mislukt",-1.25442870838613,-3.14729726147145E-02,.698788377109957,-1.49669377976456,-.276459458423106
1,"Sample2 Target1, e.g.: ","Ik verlang niet","Bekwaam",-1.25442870838613,-3.14729726147145E-02,.993950708599682,.135885206799734,-.221488766799867
1,"Sample2 Target2, e.g.: ","Ik verlang niet","Mislukt",-1.25442870838613,-3.14729726147145E-02,-.8666566963141,-.341531317370979,.83693189268979
1,""
1,"Dscores for Even trials (to calculate split-half reliability)"
1,"","","","Final Practice Block","First test block Dscores","Second test block Dscores","Third test block Dscores","Mean Dscores (Test Blocks Only)"
1,"Sample1 Target1, e.g.: ","Ik verlang","Bekwaam",3.65551167704681,-.784581100738298,1.2150277186253,-1.00544917756107,-.191667519891354
1,"Sample1 Target2, e.g.: ","Ik verlang","Mislukt",.22859782875026,.270506193975287,-.563355422520531,-1.35297427560984,-.548607834718362
1,"Sample2 Target1, e.g.: ","Ik verlang niet","Bekwaam",.22859782875026,.270506193975287,-.825693195537261,-1.15867177020254,.209742623982012
1,"Sample2 Target2, e.g.: ","Ik verlang niet","Mislukt",.22859782875026,.270506193975287,.443056011078915,-.157889289822815,-.558055012498645
1,""
1,"***********************************************************************"
1,"***********************************************************************"
