1,"Participant 48","Consistant","Target 1 Raw Latency",1029,1170,1716,1389,1045,1498,1357,2138,1061,1217,1872,1763,1404,1310,1934,1482,827,1076,1545,1326,1030,905,1045,1232,765,1201,1576,1217,1279,936,1357,983
1,"Participant 48","Consistant","Target 2 Raw Latency",1030,1124,1248,1934,1373,1528,1654,1638,1201,1669,1685,1295,936,2340,1435,2137,889,1123,1762,2138,1029,1264,1326,1107,1014,1342,1576,1030,889,1263,1232,1264
1,"Participant 48","Consistant","Target 3 Raw Latency",1014,1545,1310,1841,1248,1233,1888,1638,905,1077,1311,1389,1217,1092,2293,1701,952,1342,1014,1248,905,1060,1107,1607,890,1389,1342,1451,873,1186,1482,1232
1,"Participant 48","Consistant","Target 4 Raw Latency",952,1388,1514,1264,1107,1061,1404,1202,1076,1529,1280,1498,1592,1294,1451,1092,921,967,1155,1311,1123,1014,1435,1311,1576,1497,1233,1170,1513,967,1856,1202
1,"Participant 48","Consistant","Target 5 Raw Latency",1045,1965,1856,1482,1326,1280,1841,1467,1076,1670,1716,1217,1108,1280,1217,1950,936,1311,1248,1326,1076,1451,1264,1373,1139,1747,2137,1840,1139,1466,1295,1279
1,"Participant 48","Consistant","Target 6 Raw Latency",1139,1029,1216,1809,1139,1248,2403,1326,1264,936,1357,1654,1107,936,1810,1934,890,1060,1107,1217,1154,1279,1560,1482,1061,2309,1248,1202,998,905,1435,983
1,"Participant 48","Consistant","Target 7 Raw Latency",0,0,0,0,0,0,0,0,0,0,0,0,0,0,0,0,0,0,0,0,0,0,0,0,0,0,0,0,0,0,0,0
1,"Participant 48","Consistant","Target 8 Raw Latency",0,0,0,0,0,0,0,0,0,0,0,0,0,0,0,0,0,0,0,0,0,0,0,0,0,0,0,0,0,0,0,0
1,"Participant 48","Consistant","Target 9 Raw Latency",0,0,0,0,0,0,0,0,0,0,0,0,0,0,0,0,0,0,0,0,0,0,0,0,0,0,0,0,0,0,0,0
1,"Participant 48","Consistant","Target 10 Raw Latency",0,0,0,0,0,0,0,0,0,0,0,0,0,0,0,0,0,0,0,0,0,0,0,0,0,0,0,0,0,0,0,0
1,"Participant 48","Consistant","Target 11 Raw Latency",0,0,0,0,0,0,0,0,0,0,0,0,0,0,0,0,0,0,0,0,0,0,0,0,0,0,0,0,0,0,0,0
1,"Participant 48","Consistant","Target 12 Raw Latency",0,0,0,0,0,0,0,0,0,0,0,0,0,0,0,0,0,0,0,0,0,0,0,0,0,0,0,0,0,0,0,0
1,"Participant 48","Consistant","Target 1 Accuracy","Correct","Correct","Correct","Correct","Correct","Correct","Correct","Correct","Correct","Correct","Correct","Wrong","Correct","Correct","Correct","Correct","Correct","Correct","Correct","Correct","Correct","Correct","Correct","Correct","Correct","Correct","Correct","Correct","Correct","Correct","Correct","Correct"
1,"Participant 48","Consistant","Target 2 Accuracy","Correct","Correct","Correct","Correct","Correct","Correct","Correct","Correct","Correct","Correct","Correct","Correct","Correct","Correct","Wrong","Correct","Correct","Correct","Correct","Correct","Correct","Correct","Wrong","Correct","Correct","Wrong","Wrong","Correct","Correct","Correct","Correct","Correct"
1,"Participant 48","Consistant","Target 3 Accuracy","Correct","Correct","Correct","Correct","Correct","Correct","Correct","Correct","Correct","Correct","Correct","Correct","Correct","Wrong","Wrong","Correct","Correct","Correct","Correct","Correct","Correct","Correct","Correct","Correct","Correct","Wrong","Correct","Correct","Correct","Correct","Correct","Correct"
1,"Participant 48","Consistant","Target 4 Accuracy","Correct","Correct","Correct","Correct","Correct","Correct","Correct","Correct","Correct","Correct","Correct","Correct","Correct","Correct","Correct","Correct","Correct","Correct","Correct","Correct","Correct","Correct","Correct","Correct","Correct","Correct","Correct","Wrong","Correct","Correct","Correct","Correct"
1,"Participant 48","Consistant","Target 5 Accuracy","Correct","Correct","Correct","Correct","Correct","Correct","Correct","Correct","Correct","Correct","Correct","Correct","Correct","Correct","Correct","Correct","Correct","Correct","Correct","Correct","Correct","Correct","Correct","Correct","Correct","Correct","Correct","Correct","Correct","Correct","Correct","Correct"
1,"Participant 48","Consistant","Target 6 Accuracy","Correct","Correct","Correct","Correct","Correct","Correct","Wrong","Correct","Correct","Correct","Correct","Correct","Correct","Correct","Correct","Wrong","Correct","Correct","Correct","Correct","Correct","Correct","Correct","Correct","Correct","Correct","Wrong","Correct","Correct","Correct","Wrong","Correct"
1,"Participant 48","Consistant","Target 7 Accuracy",,,,,,,,,,,,,,,,,,,,,,,,,,,,,,,,
1,"Participant 48","Consistant","Target 8 Accuracy",,,,,,,,,,,,,,,,,,,,,,,,,,,,,,,,
1,"Participant 48","Consistant","Target 9 Accuracy",,,,,,,,,,,,,,,,,,,,,,,,,,,,,,,,
1,"Participant 48","Consistant","Target 10 Accuracy",,,,,,,,,,,,,,,,,,,,,,,,,,,,,,,,
1,"Participant 48","Consistant","Target 11 Accuracy",,,,,,,,,,,,,,,,,,,,,,,,,,,,,,,,
1,"Participant 48","Consistant","Target 12 Accuracy",,,,,,,,,,,,,,,,,,,,,,,,,,,,,,,,
