1,"Participant 065","Consistant","Target 1 Raw Latency",1185,1077,1388,1607,1513,983,1607,1591,1045,1264,2324,1388,1497,1295,1794,3245,1747,1404,1607,1544,1732,1108,1873,2168,1170,1341,1311,1233,1310,1294,1482,1685
1,"Participant 065","Consistant","Target 2 Raw Latency",1732,1310,1903,1263,1513,1061,1451,1310,2059,1388,1435,1638,1186,2013,1357,2059,1420,1279,1233,2496,1404,1248,1108,1466,1388,1232,1450,2231,1248,1248,1529,1435
1,"Participant 065","Consistant","Target 3 Raw Latency",1170,2152,1903,1513,1716,1341,1685,1342,1341,1404,1514,1357,1576,1232,1388,1778,1389,1497,1216,1373,1123,1622,1201,1685,1670,1279,1638,1123,1357,1264,1653,1264
1,"Participant 065","Consistant","Target 4 Raw Latency",968,1217,1108,1420,1202,1217,1389,1701,1185,2340,1217,1341,1357,1217,2199,1576,1107,1170,1700,1326,1669,1341,1232,2075,1030,1139,1700,1872,1404,1139,1747,1591
1,"Participant 065","Consistant","Target 5 Raw Latency",1592,1232,1716,1404,1514,1341,1232,2449,1248,2075,1810,2090,2683,1326,1404,1591,1404,1966,2278,3151,1170,1186,1357,2060,1591,1997,1482,1638,1545,1295,1389,1654
1,"Participant 065","Consistant","Target 6 Raw Latency",1030,1045,1295,1061,1077,921,1123,1451,1170,1170,1232,1139,1185,1669,3011,1716,1061,1248,1154,1186,1154,1311,1139,1186,2028,1341,1373,1763,1981,1123,1341,1139
1,"Participant 065","Consistant","Target 7 Raw Latency",0,0,0,0,0,0,0,0,0,0,0,0,0,0,0,0,0,0,0,0,0,0,0,0,0,0,0,0,0,0,0,0
1,"Participant 065","Consistant","Target 8 Raw Latency",0,0,0,0,0,0,0,0,0,0,0,0,0,0,0,0,0,0,0,0,0,0,0,0,0,0,0,0,0,0,0,0
1,"Participant 065","Consistant","Target 9 Raw Latency",0,0,0,0,0,0,0,0,0,0,0,0,0,0,0,0,0,0,0,0,0,0,0,0,0,0,0,0,0,0,0,0
1,"Participant 065","Consistant","Target 10 Raw Latency",0,0,0,0,0,0,0,0,0,0,0,0,0,0,0,0,0,0,0,0,0,0,0,0,0,0,0,0,0,0,0,0
1,"Participant 065","Consistant","Target 11 Raw Latency",0,0,0,0,0,0,0,0,0,0,0,0,0,0,0,0,0,0,0,0,0,0,0,0,0,0,0,0,0,0,0,0
1,"Participant 065","Consistant","Target 12 Raw Latency",0,0,0,0,0,0,0,0,0,0,0,0,0,0,0,0,0,0,0,0,0,0,0,0,0,0,0,0,0,0,0,0
1,"Participant 065","Consistant","Target 1 Accuracy","Correct","Correct","Correct","Correct","Correct","Correct","Correct","Correct","Correct","Wrong","Correct","Wrong","Correct","Wrong","Wrong","Wrong","Correct","Correct","Correct","Wrong","Correct","Correct","Correct","Wrong","Wrong","Correct","Wrong","Wrong","Correct","Correct","Correct","Correct"
1,"Participant 065","Consistant","Target 2 Accuracy","Correct","Correct","Correct","Correct","Wrong","Correct","Correct","Correct","Wrong","Correct","Correct","Correct","Wrong","Correct","Correct","Wrong","Correct","Correct","Correct","Wrong","Correct","Correct","Correct","Wrong","Wrong","Correct","Correct","Correct","Correct","Correct","Correct","Wrong"
1,"Participant 065","Consistant","Target 3 Accuracy","Correct","Correct","Correct","Correct","Correct","Correct","Correct","Correct","Correct","Wrong","Correct","Correct","Correct","Wrong","Correct","Correct","Correct","Correct","Correct","Correct","Correct","Correct","Correct","Wrong","Correct","Correct","Correct","Wrong","Wrong","Correct","Correct","Wrong"
1,"Participant 065","Consistant","Target 4 Accuracy","Correct","Correct","Wrong","Correct","Correct","Correct","Correct","Correct","Correct","Wrong","Correct","Correct","Correct","Correct","Correct","Wrong","Correct","Wrong","Correct","Correct","Wrong","Correct","Correct","Correct","Correct","Correct","Correct","Correct","Correct","Correct","Correct","Correct"
1,"Participant 065","Consistant","Target 5 Accuracy","Correct","Correct","Correct","Wrong","Correct","Correct","Correct","Wrong","Correct","Correct","Wrong","Correct","Correct","Correct","Correct","Correct","Correct","Correct","Correct","Correct","Correct","Correct","Correct","Wrong","Correct","Correct","Correct","Correct","Correct","Correct","Correct","Correct"
1,"Participant 065","Consistant","Target 6 Accuracy","Correct","Correct","Wrong","Correct","Correct","Correct","Correct","Correct","Correct","Correct","Correct","Correct","Correct","Correct","Correct","Correct","Correct","Correct","Wrong","Correct","Correct","Wrong","Correct","Correct","Correct","Correct","Correct","Correct","Correct","Correct","Correct","Correct"
1,"Participant 065","Consistant","Target 7 Accuracy",,,,,,,,,,,,,,,,,,,,,,,,,,,,,,,,
1,"Participant 065","Consistant","Target 8 Accuracy",,,,,,,,,,,,,,,,,,,,,,,,,,,,,,,,
1,"Participant 065","Consistant","Target 9 Accuracy",,,,,,,,,,,,,,,,,,,,,,,,,,,,,,,,
1,"Participant 065","Consistant","Target 10 Accuracy",,,,,,,,,,,,,,,,,,,,,,,,,,,,,,,,
1,"Participant 065","Consistant","Target 11 Accuracy",,,,,,,,,,,,,,,,,,,,,,,,,,,,,,,,
1,"Participant 065","Consistant","Target 12 Accuracy",,,,,,,,,,,,,,,,,,,,,,,,,,,,,,,,
