1,"Participant 014","Consistant","Target 1 Raw Latency",1092,905,1170,1123,1061,858,1810,1404,921,1217,1467,1373,1326,983,1794,1123,967,1123,1155,951,1186,905,1497,1623,1201,1779,1513,1295,1030,1045,1342,1185
1,"Participant 014","Consistant","Target 2 Raw Latency",1155,1279,1794,1264,1045,1310,1107,2558,999,1155,1123,2917,1045,1060,1107,1201,920,1045,1123,1045,1155,952,1482,1467,998,1436,1357,1248,1076,1217,1217,1638
1,"Participant 014","Consistant","Target 3 Raw Latency",1311,920,1404,1544,1498,1732,1684,1326,1092,1217,982,1171,1108,1108,1092,1841,952,967,1295,1029,1061,921,1607,1248,951,1124,1560,1108,1202,1232,1014,1295
1,"Participant 014","Consistant","Target 4 Raw Latency",1092,1186,1295,1326,920,1170,1216,1982,1061,1591,998,1154,1575,1060,1186,1794,889,1279,1544,1841,1185,1233,1513,1341,1498,1170,1638,1716,1607,1685,1279,1529
1,"Participant 014","Consistant","Target 5 Raw Latency",874,2137,1357,1326,1342,1295,1030,1514,998,1498,1887,1139,983,1638,1700,1389,1061,1294,1404,1154,998,2824,1123,1248,1076,1575,1451,1311,1623,1373,1170,1576
1,"Participant 014","Consistant","Target 6 Raw Latency",999,1170,1716,967,1607,983,983,1201,983,1560,983,1123,1045,920,1170,1497,842,999,1279,874,967,920,1061,1326,967,1029,1404,982,1076,905,1357,1639
1,"Participant 014","Consistant","Target 7 Raw Latency",0,0,0,0,0,0,0,0,0,0,0,0,0,0,0,0,0,0,0,0,0,0,0,0,0,0,0,0,0,0,0,0
1,"Participant 014","Consistant","Target 8 Raw Latency",0,0,0,0,0,0,0,0,0,0,0,0,0,0,0,0,0,0,0,0,0,0,0,0,0,0,0,0,0,0,0,0
1,"Participant 014","Consistant","Target 9 Raw Latency",0,0,0,0,0,0,0,0,0,0,0,0,0,0,0,0,0,0,0,0,0,0,0,0,0,0,0,0,0,0,0,0
1,"Participant 014","Consistant","Target 10 Raw Latency",0,0,0,0,0,0,0,0,0,0,0,0,0,0,0,0,0,0,0,0,0,0,0,0,0,0,0,0,0,0,0,0
1,"Participant 014","Consistant","Target 11 Raw Latency",0,0,0,0,0,0,0,0,0,0,0,0,0,0,0,0,0,0,0,0,0,0,0,0,0,0,0,0,0,0,0,0
1,"Participant 014","Consistant","Target 12 Raw Latency",0,0,0,0,0,0,0,0,0,0,0,0,0,0,0,0,0,0,0,0,0,0,0,0,0,0,0,0,0,0,0,0
1,"Participant 014","Consistant","Target 1 Accuracy","Correct","Correct","Wrong","Correct","Correct","Correct","Correct","Correct","Correct","Correct","Correct","Correct","Correct","Correct","Correct","Correct","Correct","Correct","Correct","Correct","Correct","Wrong","Wrong","Correct","Correct","Correct","Wrong","Correct","Correct","Correct","Correct","Correct"
1,"Participant 014","Consistant","Target 2 Accuracy","Correct","Correct","Correct","Correct","Correct","Correct","Correct","Correct","Correct","Correct","Correct","Correct","Correct","Correct","Correct","Correct","Correct","Correct","Correct","Correct","Correct","Correct","Wrong","Wrong","Correct","Correct","Correct","Correct","Correct","Correct","Correct","Correct"
1,"Participant 014","Consistant","Target 3 Accuracy","Correct","Correct","Correct","Correct","Correct","Correct","Correct","Correct","Correct","Correct","Wrong","Wrong","Correct","Correct","Wrong","Correct","Correct","Correct","Correct","Correct","Correct","Correct","Correct","Correct","Correct","Correct","Correct","Correct","Correct","Correct","Correct","Correct"
1,"Participant 014","Consistant","Target 4 Accuracy","Correct","Correct","Correct","Correct","Correct","Correct","Wrong","Correct","Correct","Correct","Correct","Correct","Correct","Correct","Wrong","Correct","Correct","Correct","Correct","Correct","Correct","Correct","Wrong","Correct","Correct","Wrong","Correct","Correct","Correct","Correct","Correct","Correct"
1,"Participant 014","Consistant","Target 5 Accuracy","Correct","Correct","Correct","Correct","Correct","Correct","Correct","Correct","Correct","Correct","Correct","Correct","Correct","Correct","Correct","Wrong","Correct","Correct","Correct","Correct","Correct","Correct","Correct","Correct","Correct","Wrong","Wrong","Correct","Correct","Wrong","Correct","Correct"
1,"Participant 014","Consistant","Target 6 Accuracy","Correct","Correct","Correct","Correct","Correct","Correct","Correct","Wrong","Correct","Correct","Correct","Correct","Correct","Correct","Correct","Correct","Correct","Correct","Correct","Correct","Correct","Correct","Correct","Correct","Correct","Correct","Correct","Correct","Correct","Correct","Correct","Correct"
1,"Participant 014","Consistant","Target 7 Accuracy",,,,,,,,,,,,,,,,,,,,,,,,,,,,,,,,
1,"Participant 014","Consistant","Target 8 Accuracy",,,,,,,,,,,,,,,,,,,,,,,,,,,,,,,,
1,"Participant 014","Consistant","Target 9 Accuracy",,,,,,,,,,,,,,,,,,,,,,,,,,,,,,,,
1,"Participant 014","Consistant","Target 10 Accuracy",,,,,,,,,,,,,,,,,,,,,,,,,,,,,,,,
1,"Participant 014","Consistant","Target 11 Accuracy",,,,,,,,,,,,,,,,,,,,,,,,,,,,,,,,
1,"Participant 014","Consistant","Target 12 Accuracy",,,,,,,,,,,,,,,,,,,,,,,,,,,,,,,,
