1,"Participant 07","Consistant","Target 1 Raw Latency",1466,1389,2138,1762,1529,921,1420,1950,1139,1825,1778,1576,1451,1529,1498,1545,1342,1217,1747,1779,1170,1685,1747,1778,1123,1155,1996,1248,1482,1295,1716,1450
1,"Participant 07","Consistant","Target 2 Raw Latency",1248,1669,1466,1419,1139,1358,2137,1997,1326,1841,1622,1809,1263,1310,1435,1638,1513,1981,2106,2075,1201,1326,1669,1856,1108,1466,1732,1685,1544,1154,1451,1575
1,"Participant 07","Consistant","Target 3 Raw Latency",1466,1076,1514,1529,1607,2324,1388,2169,1170,1763,1981,1622,1545,1607,1810,1731,1513,1935,1809,2247,1654,1045,2091,2324,1280,1560,1451,1544,1762,1326,1560,2418
1,"Participant 07","Consistant","Target 4 Raw Latency",1185,2465,3323,1716,1716,1373,1528,1279,1108,1685,1591,1950,1545,1560,1560,1717,1248,1138,1591,2262,1482,1623,1436,1622,952,1763,1794,1357,2012,1903,1623,1747
1,"Participant 07","Consistant","Target 5 Raw Latency",1201,1248,2340,2590,1965,1996,2043,2137,2402,1778,1560,1607,2324,1498,1950,1279,1186,1669,1623,1669,1357,1747,1591,1669,1232,1435,2044,2060,1373,1794,1451,1575
1,"Participant 07","Consistant","Target 6 Raw Latency",1233,1872,1825,1341,1326,1311,1732,2075,1264,1388,2387,1482,1341,1061,1622,1186,1436,1045,2230,1451,1279,1295,2481,1326,1124,1092,1404,1326,1217,1295,2059,1591
1,"Participant 07","Consistant","Target 7 Raw Latency",0,0,0,0,0,0,0,0,0,0,0,0,0,0,0,0,0,0,0,0,0,0,0,0,0,0,0,0,0,0,0,0
1,"Participant 07","Consistant","Target 8 Raw Latency",0,0,0,0,0,0,0,0,0,0,0,0,0,0,0,0,0,0,0,0,0,0,0,0,0,0,0,0,0,0,0,0
1,"Participant 07","Consistant","Target 9 Raw Latency",0,0,0,0,0,0,0,0,0,0,0,0,0,0,0,0,0,0,0,0,0,0,0,0,0,0,0,0,0,0,0,0
1,"Participant 07","Consistant","Target 10 Raw Latency",0,0,0,0,0,0,0,0,0,0,0,0,0,0,0,0,0,0,0,0,0,0,0,0,0,0,0,0,0,0,0,0
1,"Participant 07","Consistant","Target 11 Raw Latency",0,0,0,0,0,0,0,0,0,0,0,0,0,0,0,0,0,0,0,0,0,0,0,0,0,0,0,0,0,0,0,0
1,"Participant 07","Consistant","Target 12 Raw Latency",0,0,0,0,0,0,0,0,0,0,0,0,0,0,0,0,0,0,0,0,0,0,0,0,0,0,0,0,0,0,0,0
1,"Participant 07","Consistant","Target 1 Accuracy","Correct","Correct","Wrong","Correct","Correct","Correct","Correct","Correct","Correct","Correct","Correct","Correct","Correct","Correct","Correct","Correct","Correct","Correct","Wrong","Wrong","Correct","Correct","Correct","Correct","Correct","Correct","Correct","Correct","Correct","Correct","Correct","Correct"
1,"Participant 07","Consistant","Target 2 Accuracy","Correct","Correct","Correct","Wrong","Correct","Wrong","Correct","Wrong","Wrong","Correct","Correct","Correct","Correct","Correct","Correct","Correct","Correct","Correct","Correct","Wrong","Correct","Correct","Correct","Correct","Correct","Correct","Correct","Wrong","Correct","Correct","Correct","Correct"
1,"Participant 07","Consistant","Target 3 Accuracy","Correct","Correct","Correct","Correct","Wrong","Correct","Correct","Correct","Correct","Correct","Correct","Correct","Correct","Correct","Wrong","Correct","Correct","Correct","Correct","Correct","Correct","Correct","Wrong","Correct","Correct","Correct","Wrong","Correct","Correct","Correct","Correct","Wrong"
1,"Participant 07","Consistant","Target 4 Accuracy","Correct","Correct","Correct","Correct","Correct","Correct","Correct","Correct","Correct","Correct","Correct","Correct","Correct","Correct","Correct","Correct","Correct","Correct","Correct","Correct","Wrong","Correct","Correct","Wrong","Correct","Correct","Correct","Correct","Correct","Correct","Correct","Correct"
1,"Participant 07","Consistant","Target 5 Accuracy","Correct","Correct","Wrong","Correct","Correct","Correct","Correct","Correct","Correct","Wrong","Wrong","Correct","Correct","Correct","Correct","Correct","Correct","Correct","Correct","Wrong","Correct","Correct","Correct","Wrong","Correct","Correct","Correct","Correct","Wrong","Correct","Correct","Correct"
1,"Participant 07","Consistant","Target 6 Accuracy","Correct","Wrong","Correct","Correct","Correct","Correct","Wrong","Correct","Correct","Correct","Correct","Wrong","Correct","Wrong","Correct","Correct","Correct","Correct","Correct","Correct","Correct","Correct","Correct","Correct","Correct","Correct","Correct","Correct","Correct","Correct","Correct","Correct"
1,"Participant 07","Consistant","Target 7 Accuracy",,,,,,,,,,,,,,,,,,,,,,,,,,,,,,,,
1,"Participant 07","Consistant","Target 8 Accuracy",,,,,,,,,,,,,,,,,,,,,,,,,,,,,,,,
1,"Participant 07","Consistant","Target 9 Accuracy",,,,,,,,,,,,,,,,,,,,,,,,,,,,,,,,
1,"Participant 07","Consistant","Target 10 Accuracy",,,,,,,,,,,,,,,,,,,,,,,,,,,,,,,,
1,"Participant 07","Consistant","Target 11 Accuracy",,,,,,,,,,,,,,,,,,,,,,,,,,,,,,,,
1,"Participant 07","Consistant","Target 12 Accuracy",,,,,,,,,,,,,,,,,,,,,,,,,,,,,,,,
