1,"Participant 031","Consistant","Target 1 Raw Latency",920,1248,1389,1217,983,967,1108,1310,998,921,1233,1139,1123,1326,1155,1264,1201,967,1841,1170,889,983,1498,1264,703,1779,1217,998,842,905,1014,1310
1,"Participant 031","Consistant","Target 2 Raw Latency",826,1076,1108,1185,1155,1139,1685,2013,1030,1451,1155,967,999,1107,1139,1326,1029,1077,1311,1295,1014,1280,889,1232,874,1029,1451,1139,1342,1123,1107,1560
1,"Participant 031","Consistant","Target 3 Raw Latency",1107,1466,873,1498,1029,1076,1201,1185,890,890,1528,1216,999,874,1279,1263,983,921,1248,1310,1139,998,921,1498,905,686,920,1248,1014,1529,1060,1108
1,"Participant 031","Consistant","Target 4 Raw Latency",936,920,1232,2371,1061,1404,1591,1482,1154,1107,1170,1451,1342,1170,1170,2372,843,1233,1077,1326,905,1295,999,1264,702,1155,1123,1420,811,1701,1280,1154
1,"Participant 031","Consistant","Target 5 Raw Latency",1030,1545,1279,1482,1388,1373,1809,1373,1107,1217,1217,2075,921,920,1529,1482,905,1498,1404,1872,1233,998,1653,1435,749,873,1482,1139,1279,967,999,1280
1,"Participant 031","Consistant","Target 6 Raw Latency",858,1388,874,1701,1076,764,1216,1264,765,1092,967,2059,1232,967,1653,1326,1030,1092,1248,999,982,826,1794,1514,702,951,998,1794,905,951,1684,1201
1,"Participant 031","Consistant","Target 7 Raw Latency",0,0,0,0,0,0,0,0,0,0,0,0,0,0,0,0,0,0,0,0,0,0,0,0,0,0,0,0,0,0,0,0
1,"Participant 031","Consistant","Target 8 Raw Latency",0,0,0,0,0,0,0,0,0,0,0,0,0,0,0,0,0,0,0,0,0,0,0,0,0,0,0,0,0,0,0,0
1,"Participant 031","Consistant","Target 9 Raw Latency",0,0,0,0,0,0,0,0,0,0,0,0,0,0,0,0,0,0,0,0,0,0,0,0,0,0,0,0,0,0,0,0
1,"Participant 031","Consistant","Target 10 Raw Latency",0,0,0,0,0,0,0,0,0,0,0,0,0,0,0,0,0,0,0,0,0,0,0,0,0,0,0,0,0,0,0,0
1,"Participant 031","Consistant","Target 11 Raw Latency",0,0,0,0,0,0,0,0,0,0,0,0,0,0,0,0,0,0,0,0,0,0,0,0,0,0,0,0,0,0,0,0
1,"Participant 031","Consistant","Target 12 Raw Latency",0,0,0,0,0,0,0,0,0,0,0,0,0,0,0,0,0,0,0,0,0,0,0,0,0,0,0,0,0,0,0,0
1,"Participant 031","Consistant","Target 1 Accuracy","Correct","Correct","Correct","Wrong","Correct","Correct","Correct","Correct","Correct","Correct","Correct","Wrong","Wrong","Correct","Correct","Correct","Correct","Correct","Correct","Correct","Correct","Correct","Correct","Correct","Correct","Correct","Correct","Wrong","Wrong","Correct","Correct","Wrong"
1,"Participant 031","Consistant","Target 2 Accuracy","Correct","Correct","Correct","Correct","Correct","Correct","Wrong","Correct","Correct","Correct","Correct","Correct","Correct","Correct","Wrong","Correct","Correct","Wrong","Correct","Correct","Correct","Correct","Correct","Correct","Correct","Correct","Correct","Correct","Correct","Correct","Wrong","Correct"
1,"Participant 031","Consistant","Target 3 Accuracy","Correct","Correct","Correct","Correct","Correct","Correct","Correct","Wrong","Correct","Correct","Correct","Correct","Correct","Correct","Correct","Correct","Correct","Correct","Correct","Wrong","Correct","Correct","Correct","Correct","Correct","Correct","Correct","Correct","Correct","Correct","Correct","Correct"
1,"Participant 031","Consistant","Target 4 Accuracy","Correct","Correct","Correct","Correct","Correct","Correct","Wrong","Correct","Correct","Correct","Correct","Correct","Correct","Correct","Correct","Wrong","Correct","Correct","Correct","Correct","Correct","Correct","Correct","Correct","Correct","Correct","Correct","Correct","Correct","Correct","Correct","Correct"
1,"Participant 031","Consistant","Target 5 Accuracy","Correct","Correct","Correct","Wrong","Correct","Correct","Correct","Correct","Correct","Correct","Correct","Correct","Correct","Correct","Correct","Correct","Correct","Correct","Correct","Correct","Correct","Correct","Correct","Correct","Correct","Correct","Correct","Correct","Correct","Correct","Correct","Correct"
1,"Participant 031","Consistant","Target 6 Accuracy","Correct","Correct","Correct","Wrong","Correct","Correct","Correct","Correct","Correct","Wrong","Correct","Correct","Correct","Correct","Correct","Wrong","Correct","Correct","Correct","Correct","Correct","Correct","Correct","Correct","Correct","Correct","Correct","Wrong","Correct","Correct","Wrong","Correct"
1,"Participant 031","Consistant","Target 7 Accuracy",,,,,,,,,,,,,,,,,,,,,,,,,,,,,,,,
1,"Participant 031","Consistant","Target 8 Accuracy",,,,,,,,,,,,,,,,,,,,,,,,,,,,,,,,
1,"Participant 031","Consistant","Target 9 Accuracy",,,,,,,,,,,,,,,,,,,,,,,,,,,,,,,,
1,"Participant 031","Consistant","Target 10 Accuracy",,,,,,,,,,,,,,,,,,,,,,,,,,,,,,,,
1,"Participant 031","Consistant","Target 11 Accuracy",,,,,,,,,,,,,,,,,,,,,,,,,,,,,,,,
1,"Participant 031","Consistant","Target 12 Accuracy",,,,,,,,,,,,,,,,,,,,,,,,,,,,,,,,
