1,"Participant 58","Consistant","Target 1 Raw Latency",1061,2043,1653,1217,2216,1216,2512,1450,999,1763,2512,2543,1248,1232,1357,1435,1061,983,2324,1435,1076,1186,2730,1513,1060,1217,1934,1560,1061,1108,1295,1887
1,"Participant 58","Consistant","Target 2 Raw Latency",1279,1404,1435,2122,1092,1092,1404,1497,1061,999,1045,3166,3011,1154,2559,3011,1544,1622,1373,1622,1294,1622,1248,4461,1545,1513,1294,2558,1310,1233,1436,2184
1,"Participant 58","Consistant","Target 3 Raw Latency",1216,1185,1607,2637,1060,1186,1264,1248,1029,2449,1311,3260,1201,1607,1809,1466,1092,1061,1638,1622,1061,2168,1451,1826,968,2012,920,2824,1123,2247,1357,1919
1,"Participant 58","Consistant","Target 4 Raw Latency",2060,1310,1685,1467,1981,3354,1576,1560,998,1170,2340,2918,1201,1981,1482,2949,2184,1092,1357,5866,1872,1248,1310,2356,1061,1357,2012,2122,1779,1139,1466,1467
1,"Participant 58","Consistant","Target 5 Raw Latency",999,2013,1716,1514,1295,1139,1420,1264,999,1092,1482,1482,1232,2013,1341,2558,1514,983,1638,1731,1217,1388,1763,1279,905,998,1544,1498,1326,1513,2075,3308
1,"Participant 58","Consistant","Target 6 Raw Latency",1139,1061,1326,1373,1560,1217,2152,1435,1045,951,1529,1388,1965,1248,1575,4384,936,1263,1404,1825,2277,1092,2043,1638,1373,1295,2293,2168,1420,2574,1825,1731
1,"Participant 58","Consistant","Target 7 Raw Latency",0,0,0,0,0,0,0,0,0,0,0,0,0,0,0,0,0,0,0,0,0,0,0,0,0,0,0,0,0,0,0,0
1,"Participant 58","Consistant","Target 8 Raw Latency",0,0,0,0,0,0,0,0,0,0,0,0,0,0,0,0,0,0,0,0,0,0,0,0,0,0,0,0,0,0,0,0
1,"Participant 58","Consistant","Target 9 Raw Latency",0,0,0,0,0,0,0,0,0,0,0,0,0,0,0,0,0,0,0,0,0,0,0,0,0,0,0,0,0,0,0,0
1,"Participant 58","Consistant","Target 10 Raw Latency",0,0,0,0,0,0,0,0,0,0,0,0,0,0,0,0,0,0,0,0,0,0,0,0,0,0,0,0,0,0,0,0
1,"Participant 58","Consistant","Target 11 Raw Latency",0,0,0,0,0,0,0,0,0,0,0,0,0,0,0,0,0,0,0,0,0,0,0,0,0,0,0,0,0,0,0,0
1,"Participant 58","Consistant","Target 12 Raw Latency",0,0,0,0,0,0,0,0,0,0,0,0,0,0,0,0,0,0,0,0,0,0,0,0,0,0,0,0,0,0,0,0
1,"Participant 58","Consistant","Target 1 Accuracy","Correct","Correct","Correct","Correct","Correct","Correct","Wrong","Correct","Correct","Correct","Correct","Correct","Correct","Correct","Correct","Correct","Correct","Correct","Correct","Correct","Correct","Correct","Correct","Correct","Correct","Correct","Correct","Correct","Correct","Correct","Correct","Correct"
1,"Participant 58","Consistant","Target 2 Accuracy","Correct","Correct","Correct","Correct","Correct","Correct","Correct","Correct","Wrong","Correct","Correct","Wrong","Correct","Correct","Correct","Correct","Correct","Correct","Correct","Correct","Correct","Correct","Correct","Correct","Correct","Correct","Correct","Correct","Correct","Correct","Wrong","Correct"
1,"Participant 58","Consistant","Target 3 Accuracy","Correct","Correct","Correct","Correct","Correct","Correct","Correct","Correct","Correct","Correct","Correct","Correct","Correct","Correct","Correct","Correct","Correct","Correct","Correct","Wrong","Wrong","Correct","Correct","Correct","Correct","Correct","Correct","Correct","Correct","Correct","Correct","Correct"
1,"Participant 58","Consistant","Target 4 Accuracy","Correct","Correct","Correct","Wrong","Correct","Correct","Correct","Correct","Correct","Wrong","Correct","Correct","Correct","Correct","Correct","Correct","Correct","Correct","Correct","Correct","Correct","Correct","Correct","Correct","Correct","Correct","Correct","Correct","Correct","Correct","Correct","Correct"
1,"Participant 58","Consistant","Target 5 Accuracy","Correct","Correct","Correct","Correct","Correct","Correct","Correct","Correct","Correct","Correct","Correct","Wrong","Correct","Correct","Correct","Correct","Correct","Correct","Correct","Wrong","Correct","Correct","Correct","Wrong","Correct","Correct","Correct","Correct","Correct","Correct","Correct","Correct"
1,"Participant 58","Consistant","Target 6 Accuracy","Correct","Correct","Correct","Correct","Correct","Correct","Correct","Correct","Correct","Correct","Correct","Wrong","Wrong","Correct","Correct","Wrong","Correct","Correct","Correct","Correct","Correct","Correct","Correct","Correct","Correct","Correct","Correct","Correct","Correct","Correct","Correct","Correct"
1,"Participant 58","Consistant","Target 7 Accuracy",,,,,,,,,,,,,,,,,,,,,,,,,,,,,,,,
1,"Participant 58","Consistant","Target 8 Accuracy",,,,,,,,,,,,,,,,,,,,,,,,,,,,,,,,
1,"Participant 58","Consistant","Target 9 Accuracy",,,,,,,,,,,,,,,,,,,,,,,,,,,,,,,,
1,"Participant 58","Consistant","Target 10 Accuracy",,,,,,,,,,,,,,,,,,,,,,,,,,,,,,,,
1,"Participant 58","Consistant","Target 11 Accuracy",,,,,,,,,,,,,,,,,,,,,,,,,,,,,,,,
1,"Participant 58","Consistant","Target 12 Accuracy",,,,,,,,,,,,,,,,,,,,,,,,,,,,,,,,
