1,"Participant 011","Consistant","Target 1 Raw Latency",921,1061,1373,1326,1201,1124,1575,1046,998,951,1295,1482,1154,1045,1514,1216,1420,1108,1560,1638,1575,1202,1435,1545,1139,1186,1467,1700,1264,1030,1280,1482
1,"Participant 011","Consistant","Target 2 Raw Latency",1014,1248,1310,1155,952,1154,1451,1155,951,1217,1419,1716,1030,1092,1326,1201,1201,1154,1341,1170,1123,1124,1451,2012,1045,998,1357,2028,1263,1341,1372,1904
1,"Participant 011","Consistant","Target 3 Raw Latency",998,1217,1310,1341,1216,936,1467,1420,905,811,1389,1919,1014,1077,1528,1716,1248,1404,2075,1341,1420,1139,1794,1670,998,982,1139,1357,1248,1279,1310,1716
1,"Participant 011","Consistant","Target 4 Raw Latency",1014,1170,1139,1310,1014,921,1544,1232,983,1233,1857,1950,999,982,1654,1560,1014,1716,2215,1684,1233,1154,1872,1498,1139,1202,1232,1420,1311,1123,1810,1466
1,"Participant 011","Consistant","Target 5 Raw Latency",936,1872,1186,1201,1201,1076,1217,1669,889,998,1622,1685,1217,1154,1123,2012,983,1747,2090,1419,1138,1076,1155,1326,1030,1170,1201,1248,1233,1123,1170,1763
1,"Participant 011","Consistant","Target 6 Raw Latency",998,1108,1185,1170,1077,890,1139,1279,1185,1201,1170,1108,1107,873,1170,1217,936,1092,1528,1092,1264,1248,1607,1357,1279,921,2216,1357,1045,1029,1841,1373
1,"Participant 011","Consistant","Target 7 Raw Latency",0,0,0,0,0,0,0,0,0,0,0,0,0,0,0,0,0,0,0,0,0,0,0,0,0,0,0,0,0,0,0,0
1,"Participant 011","Consistant","Target 8 Raw Latency",0,0,0,0,0,0,0,0,0,0,0,0,0,0,0,0,0,0,0,0,0,0,0,0,0,0,0,0,0,0,0,0
1,"Participant 011","Consistant","Target 9 Raw Latency",0,0,0,0,0,0,0,0,0,0,0,0,0,0,0,0,0,0,0,0,0,0,0,0,0,0,0,0,0,0,0,0
1,"Participant 011","Consistant","Target 10 Raw Latency",0,0,0,0,0,0,0,0,0,0,0,0,0,0,0,0,0,0,0,0,0,0,0,0,0,0,0,0,0,0,0,0
1,"Participant 011","Consistant","Target 11 Raw Latency",0,0,0,0,0,0,0,0,0,0,0,0,0,0,0,0,0,0,0,0,0,0,0,0,0,0,0,0,0,0,0,0
1,"Participant 011","Consistant","Target 12 Raw Latency",0,0,0,0,0,0,0,0,0,0,0,0,0,0,0,0,0,0,0,0,0,0,0,0,0,0,0,0,0,0,0,0
1,"Participant 011","Consistant","Target 1 Accuracy","Correct","Correct","Correct","Correct","Correct","Correct","Wrong","Correct","Correct","Correct","Correct","Correct","Correct","Correct","Correct","Correct","Correct","Correct","Correct","Correct","Correct","Correct","Correct","Wrong","Correct","Correct","Correct","Correct","Correct","Correct","Correct","Correct"
1,"Participant 011","Consistant","Target 2 Accuracy","Correct","Correct","Correct","Correct","Correct","Correct","Correct","Correct","Correct","Correct","Correct","Correct","Correct","Correct","Correct","Correct","Correct","Correct","Correct","Correct","Correct","Correct","Correct","Correct","Correct","Correct","Correct","Correct","Wrong","Correct","Correct","Correct"
1,"Participant 011","Consistant","Target 3 Accuracy","Correct","Correct","Correct","Correct","Correct","Correct","Correct","Wrong","Correct","Correct","Correct","Correct","Correct","Correct","Correct","Correct","Correct","Correct","Wrong","Correct","Correct","Correct","Correct","Correct","Correct","Correct","Correct","Correct","Correct","Correct","Wrong","Wrong"
1,"Participant 011","Consistant","Target 4 Accuracy","Correct","Correct","Correct","Correct","Correct","Correct","Correct","Wrong","Correct","Wrong","Correct","Correct","Correct","Correct","Correct","Correct","Correct","Correct","Wrong","Correct","Correct","Correct","Correct","Correct","Correct","Correct","Correct","Correct","Correct","Correct","Wrong","Correct"
1,"Participant 011","Consistant","Target 5 Accuracy","Correct","Correct","Correct","Correct","Correct","Correct","Correct","Correct","Correct","Correct","Correct","Correct","Correct","Correct","Correct","Correct","Wrong","Correct","Wrong","Correct","Correct","Correct","Correct","Correct","Correct","Correct","Wrong","Wrong","Correct","Correct","Correct","Correct"
1,"Participant 011","Consistant","Target 6 Accuracy","Correct","Correct","Correct","Correct","Correct","Correct","Correct","Correct","Correct","Correct","Correct","Correct","Correct","Correct","Wrong","Correct","Correct","Correct","Correct","Correct","Correct","Correct","Correct","Correct","Correct","Correct","Correct","Correct","Correct","Correct","Correct","Correct"
1,"Participant 011","Consistant","Target 7 Accuracy",,,,,,,,,,,,,,,,,,,,,,,,,,,,,,,,
1,"Participant 011","Consistant","Target 8 Accuracy",,,,,,,,,,,,,,,,,,,,,,,,,,,,,,,,
1,"Participant 011","Consistant","Target 9 Accuracy",,,,,,,,,,,,,,,,,,,,,,,,,,,,,,,,
1,"Participant 011","Consistant","Target 10 Accuracy",,,,,,,,,,,,,,,,,,,,,,,,,,,,,,,,
1,"Participant 011","Consistant","Target 11 Accuracy",,,,,,,,,,,,,,,,,,,,,,,,,,,,,,,,
1,"Participant 011","Consistant","Target 12 Accuracy",,,,,,,,,,,,,,,,,,,,,,,,,,,,,,,,
