1,"Participant 06","Consistant","Target 1 Raw Latency",1310,1046,2418,1451,1373,889,1201,1014,873,1045,1326,2153,858,967,999,1388,733,967,1982,968,1076,936,1794,1279,1014,2012,1560,1280,1123,983,1451,2184
1,"Participant 06","Consistant","Target 2 Raw Latency",936,1560,905,1373,1794,1014,1826,1279,1716,1108,1436,1529,998,1685,1404,1264,1123,1108,1622,1232,1202,1575,1264,1310,811,1248,999,1030,1887,1014,1014,1529
1,"Participant 06","Consistant","Target 3 Raw Latency",1092,1950,1685,1591,889,999,1248,2215,1045,1685,1294,1529,890,1076,1388,1544,1061,1139,1061,1201,1794,1310,1045,1966,780,983,1420,1388,874,1295,1092,1295
1,"Participant 06","Consistant","Target 4 Raw Latency",1077,1279,1326,2480,1435,1373,1202,1341,873,1138,1170,1202,1154,1841,1311,1373,1061,967,2044,2059,1919,1030,1029,1887,1107,1482,1326,1419,967,1513,1155,2324
1,"Participant 06","Consistant","Target 5 Raw Latency",780,1139,1638,1404,1233,998,1232,1918,796,1295,1311,1170,1076,858,1685,1045,827,1014,1155,1076,1498,1123,1794,1576,1997,1045,1326,1279,1903,936,968,1545
1,"Participant 06","Consistant","Target 6 Raw Latency",936,999,1466,2137,983,999,1061,2091,998,1155,1451,1295,1358,983,1045,2028,951,920,1560,1201,1124,873,2309,2309,1046,1186,1700,1155,1186,905,1311,1341
1,"Participant 06","Consistant","Target 7 Raw Latency",0,0,0,0,0,0,0,0,0,0,0,0,0,0,0,0,0,0,0,0,0,0,0,0,0,0,0,0,0,0,0,0
1,"Participant 06","Consistant","Target 8 Raw Latency",0,0,0,0,0,0,0,0,0,0,0,0,0,0,0,0,0,0,0,0,0,0,0,0,0,0,0,0,0,0,0,0
1,"Participant 06","Consistant","Target 9 Raw Latency",0,0,0,0,0,0,0,0,0,0,0,0,0,0,0,0,0,0,0,0,0,0,0,0,0,0,0,0,0,0,0,0
1,"Participant 06","Consistant","Target 10 Raw Latency",0,0,0,0,0,0,0,0,0,0,0,0,0,0,0,0,0,0,0,0,0,0,0,0,0,0,0,0,0,0,0,0
1,"Participant 06","Consistant","Target 11 Raw Latency",0,0,0,0,0,0,0,0,0,0,0,0,0,0,0,0,0,0,0,0,0,0,0,0,0,0,0,0,0,0,0,0
1,"Participant 06","Consistant","Target 12 Raw Latency",0,0,0,0,0,0,0,0,0,0,0,0,0,0,0,0,0,0,0,0,0,0,0,0,0,0,0,0,0,0,0,0
1,"Participant 06","Consistant","Target 1 Accuracy","Correct","Correct","Correct","Correct","Correct","Correct","Correct","Correct","Correct","Correct","Correct","Correct","Wrong","Correct","Correct","Correct","Correct","Correct","Correct","Correct","Correct","Correct","Correct","Correct","Correct","Correct","Correct","Correct","Correct","Wrong","Correct","Correct"
1,"Participant 06","Consistant","Target 2 Accuracy","Correct","Correct","Correct","Correct","Correct","Correct","Correct","Correct","Wrong","Correct","Correct","Correct","Correct","Correct","Correct","Correct","Correct","Correct","Correct","Correct","Correct","Correct","Correct","Correct","Correct","Correct","Correct","Correct","Correct","Correct","Correct","Correct"
1,"Participant 06","Consistant","Target 3 Accuracy","Correct","Correct","Correct","Correct","Correct","Correct","Correct","Correct","Correct","Correct","Correct","Correct","Correct","Correct","Correct","Correct","Correct","Correct","Correct","Correct","Wrong","Correct","Correct","Correct","Correct","Correct","Correct","Correct","Correct","Correct","Correct","Correct"
1,"Participant 06","Consistant","Target 4 Accuracy","Correct","Wrong","Wrong","Correct","Correct","Correct","Correct","Wrong","Correct","Correct","Correct","Correct","Correct","Correct","Correct","Correct","Correct","Correct","Correct","Correct","Correct","Correct","Correct","Wrong","Correct","Correct","Correct","Correct","Correct","Correct","Correct","Correct"
1,"Participant 06","Consistant","Target 5 Accuracy","Correct","Correct","Correct","Wrong","Correct","Correct","Correct","Correct","Correct","Correct","Correct","Correct","Correct","Correct","Correct","Correct","Correct","Correct","Correct","Correct","Correct","Correct","Wrong","Wrong","Correct","Correct","Correct","Correct","Correct","Correct","Correct","Correct"
1,"Participant 06","Consistant","Target 6 Accuracy","Correct","Correct","Correct","Wrong","Correct","Correct","Correct","Correct","Correct","Correct","Correct","Correct","Correct","Correct","Correct","Correct","Correct","Correct","Wrong","Correct","Correct","Correct","Correct","Wrong","Correct","Correct","Correct","Correct","Correct","Correct","Wrong","Correct"
1,"Participant 06","Consistant","Target 7 Accuracy",,,,,,,,,,,,,,,,,,,,,,,,,,,,,,,,
1,"Participant 06","Consistant","Target 8 Accuracy",,,,,,,,,,,,,,,,,,,,,,,,,,,,,,,,
1,"Participant 06","Consistant","Target 9 Accuracy",,,,,,,,,,,,,,,,,,,,,,,,,,,,,,,,
1,"Participant 06","Consistant","Target 10 Accuracy",,,,,,,,,,,,,,,,,,,,,,,,,,,,,,,,
1,"Participant 06","Consistant","Target 11 Accuracy",,,,,,,,,,,,,,,,,,,,,,,,,,,,,,,,
1,"Participant 06","Consistant","Target 12 Accuracy",,,,,,,,,,,,,,,,,,,,,,,,,,,,,,,,
