1,"***********************************************************************"
1,"***********************************************************************"
1,"***********************************************************************"
1,""
1,"                            IRAP 2012 Program"
1,"  Conceptualised, Designed and Software Written by Dermot Barnes-Holmes"
1,"                   Additions to the 2012 version by Ian Hussey"
1,"                         IRAP Data Summary File"
1,""
1,""
1,"***********************************************************************"
1,"***********************************************************************"
1,"***********************************************************************"
1,""
1,"IRAP Paramenter Summary"
1,""
1,"Participant Name or Code: ","15"
1,""
1,"Sample Stimuli Were Words"
1,"Target Stimuli Were Words"
1,"The Practice and Testing IRAP was Selected"
1,"The Consistent-First Sequence was Selected"
1,"Number of Test Blocks Selected was: ",6
1,"Minimum Percent Correct Practice Criterion was: ",80
1,"Maximum Median Latency Practice Criterion was: ",2000
1,"Maximum Number of Training or Practice Exposures was: ",4
1,"Response Latency Feedback was Presented, except on the first pair of Con/Incon Practice Blocks"
1,"The Trial Type Parameter was Selected"
1,"Maximum Run of Same Trial Type was","1"
1,"Position of Response Options was Set to Moving"
1,"Maximum Run of Response Options in Same Position was: ","3"
1,"The consistent responding rule was: ","Gelieve te antwoorden ALSOF IK BEN competent en IK BEN NIET incompetent"
1,"The inconsistent responding rule was: ","Gelieve te antwoorden ALSOF IK BEN incompetent en IK BEN NIET competent "
1,"The Latency Feedback Message presented to participants was: ","!"
1,"Latency Feedback Delay was: ","2000"
1,""
1,"The Stimuli used were: "
1,"Sample 1","Sample 2","Target 1","Target 2"
1,"Ik ben","Ik ben niet","Bekwaam","Mislukt"
1,"Ik ben","Ik ben niet","Succesvol","Onbekwaam"
1,"Ik ben","Ik ben niet","Capabel","Gefaald"
1,"Ik ben","Ik ben niet","Kundig","Onkundig"
1,"Ik ben","Ik ben niet","Competent","Incompetent"
1,"Ik ben","Ik ben niet","Vaardig","Dom"
1,"","","",""
1,"","","",""
1,"","","",""
1,"","","",""
1,"","","",""
1,"","","",""
1,""
1,""
1,""
1,"***********************************************************************"
1,"***********************************************************************"
1,""
1,""
1,"Output Summary"
1,""
1,"Participant Name or Code: ","15"
1,""
1,"Accuracies and latencies on each block"
1,"","Percent correct (%)","Median Latencies (ms)"
1,"Final consistent practice block: ",96,1435
1,"Final inconsistent practice block: ",88,1544
1,"First consistent test block: ",88,1395
1,"First inconsistent test block: ",79,1427
1,"Second consistent test block: ",88,1365
1,"Second inconsistent test block: ",88,1435
1,"Third consistent test block: ",88,1365
1,"Third inconsistent test block: ",83,1427
1,""
1,""
1,"Dscores"
1,"","","","Final Practice Block","First test block Dscores","Second test block Dscores","Third test block Dscores","Mean Dscores (Test Blocks Only)"
1,"Sample1 Target1, e.g.: ","Ik ben","Bekwaam",3.58965197449467,.692032225641823,.312323345113275,.419878708035589,.474744759596896
1,"Sample1 Target2, e.g.: ","Ik ben","Mislukt",-5.25379263351952,-.251662025520563,-.410501039172262,-1.48989107800238E-02,-.225687325157616
1,"Sample2 Target1, e.g.: ","Ik ben niet","Bekwaam",1.02234417043748,.524275691515584,.767346058953004,.634501838644121,.642041196370903
1,"Sample2 Target2, e.g.: ","Ik ben niet","Mislukt",1.82299021232374,.355002089592462,-1.1640107039062E-03,.31618947313725,.223342517341935
1,""
1,"Dscores for Odd trials (to calculate split-half reliability)"
1,"","","","Final Practice Block","First test block Dscores","Second test block Dscores","Third test block Dscores","Mean Dscores (Test Blocks Only)"
1,"Sample1 Target1, e.g.: ","Ik ben","Bekwaam",2.65993536468855,-.780265718998067,-.319795951247117,-.153279369570022,-.417780346605069
1,"Sample1 Target2, e.g.: ","Ik ben","Mislukt",-10.6989271913328,.147492359278039,-.408413321589351,-1.18924653968471,-.483389167332006
1,"Sample2 Target1, e.g.: ","Ik ben niet","Bekwaam",-10.6989271913328,.147492359278039,.890619315407519,.236671609097063,1.16213384144409
1,"Sample2 Target2, e.g.: ","Ik ben niet","Mislukt",-10.6989271913328,.147492359278039,.771778795490945,1.49821366614847,.671297133518939
1,""
1,"Dscores for Even trials (to calculate split-half reliability)"
1,"","","","Final Practice Block","First test block Dscores","Second test block Dscores","Third test block Dscores","Mean Dscores (Test Blocks Only)"
1,"Sample1 Target1, e.g.: ","Ik ben","Bekwaam",4.07862636764116,1.58163316770142,.741361275107775,1.68836404308902,1.33711949529941
1,"Sample1 Target2, e.g.: ","Ik ben","Mislukt",4.38176985970198E-02,-.556011002078476,-.374603438942142,.56223883008011,-.122791870313503
1,"Sample2 Target1, e.g.: ","Ik ben niet","Bekwaam",4.38176985970198E-02,-.556011002078476,-1.25597579782173,.518844502644534,-.247306232392573
1,"Sample2 Target2, e.g.: ","Ik ben niet","Mislukt",4.38176985970198E-02,-.556011002078476,.848603363216901,-1.02334469207846,-.414571844493755
1,""
1,"***********************************************************************"
1,"***********************************************************************"
