1,"Participant 015","Consistant","Target 1 Raw Latency",1139,1607,2870,1388,1342,1451,1326,1498,1046,1155,1341,1232,1030,1155,1669,1311,1029,1186,5492,1778,1513,982,1420,1591,1092,1669,1404,1762,1232,1092,1622,1388
1,"Participant 015","Consistant","Target 2 Raw Latency",1077,1154,1809,1638,1700,1388,1420,2012,1092,1638,1155,1513,1981,1295,1310,1607,1045,951,998,1888,1669,1092,1732,1685,905,1170,1217,1388,1076,1186,1732,1950
1,"Participant 015","Consistant","Target 3 Raw Latency",1060,1404,1217,1497,1279,1170,1966,1419,1185,1076,1466,1217,1154,1154,1606,1201,1077,1747,1294,1950,1154,1232,2091,1341,1279,1217,1529,1217,2059,1591,1638,1623
1,"Participant 015","Consistant","Target 4 Raw Latency",1092,1466,1560,3494,1030,1123,1326,1279,1092,1248,1217,1388,1294,1342,1420,1607,1170,1326,1279,1311,1233,1623,1669,1217,983,1747,1139,1482,1310,1435,1841,2075
1,"Participant 015","Consistant","Target 5 Raw Latency",1248,2012,2543,1638,2137,1482,2386,1950,982,1341,1950,1420,2075,1419,1436,2184,1748,1342,1467,1217,1762,1154,1467,1404,1232,1123,1092,1419,2293,1107,1388,1669
1,"Participant 015","Consistant","Target 6 Raw Latency",1170,2044,1482,1326,1139,1186,2418,1217,1170,1076,1326,1670,1310,1232,2184,1279,1092,1123,1310,1419,1108,1061,1077,3542,1029,1248,1622,1170,1108,998,1966,1404
1,"Participant 015","Consistant","Target 7 Raw Latency",0,0,0,0,0,0,0,0,0,0,0,0,0,0,0,0,0,0,0,0,0,0,0,0,0,0,0,0,0,0,0,0
1,"Participant 015","Consistant","Target 8 Raw Latency",0,0,0,0,0,0,0,0,0,0,0,0,0,0,0,0,0,0,0,0,0,0,0,0,0,0,0,0,0,0,0,0
1,"Participant 015","Consistant","Target 9 Raw Latency",0,0,0,0,0,0,0,0,0,0,0,0,0,0,0,0,0,0,0,0,0,0,0,0,0,0,0,0,0,0,0,0
1,"Participant 015","Consistant","Target 10 Raw Latency",0,0,0,0,0,0,0,0,0,0,0,0,0,0,0,0,0,0,0,0,0,0,0,0,0,0,0,0,0,0,0,0
1,"Participant 015","Consistant","Target 11 Raw Latency",0,0,0,0,0,0,0,0,0,0,0,0,0,0,0,0,0,0,0,0,0,0,0,0,0,0,0,0,0,0,0,0
1,"Participant 015","Consistant","Target 12 Raw Latency",0,0,0,0,0,0,0,0,0,0,0,0,0,0,0,0,0,0,0,0,0,0,0,0,0,0,0,0,0,0,0,0
1,"Participant 015","Consistant","Target 1 Accuracy","Correct","Correct","Correct","Wrong","Correct","Correct","Correct","Correct","Correct","Correct","Correct","Wrong","Correct","Correct","Correct","Correct","Correct","Correct","Correct","Correct","Correct","Correct","Correct","Correct","Correct","Correct","Correct","Correct","Correct","Correct","Correct","Correct"
1,"Participant 015","Consistant","Target 2 Accuracy","Correct","Correct","Correct","Correct","Correct","Correct","Correct","Correct","Correct","Correct","Correct","Correct","Correct","Correct","Correct","Correct","Correct","Correct","Correct","Correct","Correct","Correct","Correct","Correct","Correct","Correct","Correct","Correct","Correct","Correct","Correct","Correct"
1,"Participant 015","Consistant","Target 3 Accuracy","Correct","Correct","Correct","Correct","Correct","Correct","Wrong","Correct","Correct","Correct","Correct","Correct","Correct","Correct","Correct","Correct","Correct","Correct","Correct","Wrong","Correct","Correct","Wrong","Correct","Correct","Correct","Correct","Correct","Correct","Correct","Wrong","Correct"
1,"Participant 015","Consistant","Target 4 Accuracy","Correct","Correct","Correct","Correct","Correct","Correct","Correct","Correct","Correct","Correct","Correct","Correct","Wrong","Correct","Correct","Correct","Correct","Correct","Wrong","Correct","Wrong","Correct","Correct","Correct","Correct","Correct","Correct","Correct","Correct","Correct","Correct","Correct"
1,"Participant 015","Consistant","Target 5 Accuracy","Correct","Correct","Correct","Correct","Correct","Correct","Correct","Correct","Correct","Correct","Correct","Correct","Correct","Correct","Correct","Correct","Correct","Correct","Correct","Correct","Correct","Correct","Wrong","Correct","Correct","Correct","Correct","Wrong","Wrong","Correct","Correct","Correct"
1,"Participant 015","Consistant","Target 6 Accuracy","Correct","Correct","Correct","Correct","Correct","Correct","Wrong","Correct","Correct","Correct","Correct","Correct","Correct","Correct","Correct","Correct","Correct","Correct","Correct","Correct","Correct","Correct","Correct","Correct","Correct","Correct","Correct","Correct","Correct","Correct","Wrong","Correct"
1,"Participant 015","Consistant","Target 7 Accuracy",,,,,,,,,,,,,,,,,,,,,,,,,,,,,,,,
1,"Participant 015","Consistant","Target 8 Accuracy",,,,,,,,,,,,,,,,,,,,,,,,,,,,,,,,
1,"Participant 015","Consistant","Target 9 Accuracy",,,,,,,,,,,,,,,,,,,,,,,,,,,,,,,,
1,"Participant 015","Consistant","Target 10 Accuracy",,,,,,,,,,,,,,,,,,,,,,,,,,,,,,,,
1,"Participant 015","Consistant","Target 11 Accuracy",,,,,,,,,,,,,,,,,,,,,,,,,,,,,,,,
1,"Participant 015","Consistant","Target 12 Accuracy",,,,,,,,,,,,,,,,,,,,,,,,,,,,,,,,
