1,"Participant 21","Consistant","Target 1 Raw Latency",921,1124,1560,1809,1576,1061,2402,1965,1060,858,1498,1591,1388,1311,1732,1935,1061,1342,1669,1263,1076,1029,1762,1560,1279,1685,1592,1326,1108,936,2527,1326
1,"Participant 21","Consistant","Target 2 Raw Latency",826,1653,1217,1622,1435,1388,1747,2403,1217,1263,1310,2496,890,1326,1310,1919,1045,1498,1389,2418,874,2668,1326,1576,1030,1373,1732,1591,1092,2933,2402,1420
1,"Participant 21","Consistant","Target 3 Raw Latency",1372,1217,1544,2121,1279,1326,1825,1887,1420,1154,1451,3010,1248,1170,1295,2293,967,1248,1326,1186,1295,1155,1357,1451,1123,1155,1419,1716,1014,968,1857,2012
1,"Participant 21","Consistant","Target 4 Raw Latency",1061,1513,1154,1888,1217,1264,2059,1826,1092,1622,2074,1904,1435,1139,1607,1747,1326,1357,1529,2059,2278,1732,2964,2246,1810,1654,1950,1232,1139,1419,1295,1857
1,"Participant 21","Consistant","Target 5 Raw Latency",1482,1622,1904,2309,1466,2434,2979,1654,1264,1560,1669,2106,1513,2293,2262,1809,1467,1311,2028,2184,1872,2153,1497,2371,1060,1310,1700,1825,1404,1436,1857,1654
1,"Participant 21","Consistant","Target 6 Raw Latency",1014,1498,1451,1654,1123,1435,1576,1934,1014,1217,1607,1482,1030,1139,1419,2340,1201,1201,1825,1670,2106,1061,2184,1450,874,952,1357,1092,2340,1139,1544,1482
1,"Participant 21","Consistant","Target 7 Raw Latency",0,0,0,0,0,0,0,0,0,0,0,0,0,0,0,0,0,0,0,0,0,0,0,0,0,0,0,0,0,0,0,0
1,"Participant 21","Consistant","Target 8 Raw Latency",0,0,0,0,0,0,0,0,0,0,0,0,0,0,0,0,0,0,0,0,0,0,0,0,0,0,0,0,0,0,0,0
1,"Participant 21","Consistant","Target 9 Raw Latency",0,0,0,0,0,0,0,0,0,0,0,0,0,0,0,0,0,0,0,0,0,0,0,0,0,0,0,0,0,0,0,0
1,"Participant 21","Consistant","Target 10 Raw Latency",0,0,0,0,0,0,0,0,0,0,0,0,0,0,0,0,0,0,0,0,0,0,0,0,0,0,0,0,0,0,0,0
1,"Participant 21","Consistant","Target 11 Raw Latency",0,0,0,0,0,0,0,0,0,0,0,0,0,0,0,0,0,0,0,0,0,0,0,0,0,0,0,0,0,0,0,0
1,"Participant 21","Consistant","Target 12 Raw Latency",0,0,0,0,0,0,0,0,0,0,0,0,0,0,0,0,0,0,0,0,0,0,0,0,0,0,0,0,0,0,0,0
1,"Participant 21","Consistant","Target 1 Accuracy","Correct","Correct","Correct","Correct","Correct","Correct","Correct","Correct","Correct","Correct","Correct","Correct","Correct","Correct","Correct","Correct","Correct","Wrong","Correct","Wrong","Wrong","Correct","Correct","Correct","Correct","Correct","Correct","Correct","Correct","Wrong","Correct","Correct"
1,"Participant 21","Consistant","Target 2 Accuracy","Correct","Correct","Correct","Correct","Correct","Correct","Correct","Correct","Correct","Correct","Correct","Wrong","Correct","Correct","Correct","Correct","Correct","Correct","Correct","Correct","Correct","Correct","Correct","Correct","Correct","Correct","Correct","Correct","Correct","Correct","Correct","Correct"
1,"Participant 21","Consistant","Target 3 Accuracy","Correct","Correct","Correct","Correct","Correct","Correct","Wrong","Correct","Correct","Correct","Correct","Wrong","Correct","Correct","Correct","Correct","Correct","Correct","Correct","Correct","Correct","Correct","Correct","Correct","Correct","Correct","Correct","Correct","Correct","Correct","Correct","Correct"
1,"Participant 21","Consistant","Target 4 Accuracy","Correct","Correct","Correct","Correct","Correct","Wrong","Correct","Correct","Correct","Correct","Correct","Correct","Correct","Wrong","Correct","Wrong","Correct","Correct","Correct","Wrong","Correct","Correct","Correct","Correct","Correct","Correct","Correct","Correct","Correct","Correct","Wrong","Correct"
1,"Participant 21","Consistant","Target 5 Accuracy","Correct","Correct","Wrong","Correct","Correct","Correct","Wrong","Correct","Correct","Correct","Correct","Correct","Correct","Correct","Correct","Correct","Correct","Correct","Correct","Correct","Correct","Wrong","Wrong","Wrong","Correct","Correct","Correct","Correct","Wrong","Correct","Wrong","Correct"
1,"Participant 21","Consistant","Target 6 Accuracy","Correct","Correct","Correct","Correct","Correct","Correct","Correct","Correct","Correct","Correct","Correct","Wrong","Correct","Correct","Correct","Correct","Correct","Correct","Correct","Correct","Correct","Wrong","Correct","Correct","Correct","Correct","Wrong","Correct","Correct","Correct","Correct","Correct"
1,"Participant 21","Consistant","Target 7 Accuracy",,,,,,,,,,,,,,,,,,,,,,,,,,,,,,,,
1,"Participant 21","Consistant","Target 8 Accuracy",,,,,,,,,,,,,,,,,,,,,,,,,,,,,,,,
1,"Participant 21","Consistant","Target 9 Accuracy",,,,,,,,,,,,,,,,,,,,,,,,,,,,,,,,
1,"Participant 21","Consistant","Target 10 Accuracy",,,,,,,,,,,,,,,,,,,,,,,,,,,,,,,,
1,"Participant 21","Consistant","Target 11 Accuracy",,,,,,,,,,,,,,,,,,,,,,,,,,,,,,,,
1,"Participant 21","Consistant","Target 12 Accuracy",,,,,,,,,,,,,,,,,,,,,,,,,,,,,,,,
