1,"Participant 066","Consistant","Target 1 Raw Latency",1014,1264,1279,1123,1466,1154,2059,1154,1311,1326,1576,1404,2262,1076,1186,1232,1092,1170,1794,1404,1076,1684,1825,1388,982,1108,1310,1155,1404,1170,1498,1045
1,"Participant 066","Consistant","Target 2 Raw Latency",1155,1311,2324,1420,1248,1310,1311,1482,1170,1950,1217,1623,1373,1342,2324,1576,998,1404,1810,1185,1030,1450,1653,1451,1279,1560,1623,1467,1046,1466,1592,2199
1,"Participant 066","Consistant","Target 3 Raw Latency",936,1263,1202,2137,1154,952,1201,1826,889,983,2090,1139,1263,1732,1123,1467,1092,1170,1279,1139,1623,1201,1201,1280,1061,1295,1498,1248,1092,1061,1404,1638
1,"Participant 066","Consistant","Target 4 Raw Latency",1638,1092,1514,1513,1264,1763,1170,1404,905,1216,1669,1482,1685,1685,1451,1295,1076,1311,2184,2215,1076,1232,1482,1965,1186,1217,1342,1467,1233,1545,1420,1654
1,"Participant 066","Consistant","Target 5 Raw Latency",1420,1279,1529,2106,1482,1076,1263,1576,1216,1575,1762,2184,1186,1638,1560,2137,1045,1669,1762,1435,1654,1482,2902,1466,1201,1560,1856,1654,1217,1123,1685,1810
1,"Participant 066","Consistant","Target 6 Raw Latency",1108,936,1030,1248,1092,1389,1233,1139,1092,999,1466,1014,921,1342,1404,1794,1185,1092,1544,1170,1030,983,1388,1935,1045,905,1279,1248,1638,1046,1420,1155
1,"Participant 066","Consistant","Target 7 Raw Latency",0,0,0,0,0,0,0,0,0,0,0,0,0,0,0,0,0,0,0,0,0,0,0,0,0,0,0,0,0,0,0,0
1,"Participant 066","Consistant","Target 8 Raw Latency",0,0,0,0,0,0,0,0,0,0,0,0,0,0,0,0,0,0,0,0,0,0,0,0,0,0,0,0,0,0,0,0
1,"Participant 066","Consistant","Target 9 Raw Latency",0,0,0,0,0,0,0,0,0,0,0,0,0,0,0,0,0,0,0,0,0,0,0,0,0,0,0,0,0,0,0,0
1,"Participant 066","Consistant","Target 10 Raw Latency",0,0,0,0,0,0,0,0,0,0,0,0,0,0,0,0,0,0,0,0,0,0,0,0,0,0,0,0,0,0,0,0
1,"Participant 066","Consistant","Target 11 Raw Latency",0,0,0,0,0,0,0,0,0,0,0,0,0,0,0,0,0,0,0,0,0,0,0,0,0,0,0,0,0,0,0,0
1,"Participant 066","Consistant","Target 12 Raw Latency",0,0,0,0,0,0,0,0,0,0,0,0,0,0,0,0,0,0,0,0,0,0,0,0,0,0,0,0,0,0,0,0
1,"Participant 066","Consistant","Target 1 Accuracy","Correct","Correct","Correct","Correct","Correct","Correct","Correct","Correct","Correct","Correct","Correct","Correct","Correct","Correct","Wrong","Correct","Correct","Correct","Wrong","Correct","Correct","Correct","Correct","Correct","Correct","Correct","Correct","Correct","Correct","Correct","Correct","Wrong"
1,"Participant 066","Consistant","Target 2 Accuracy","Correct","Correct","Correct","Correct","Correct","Correct","Correct","Wrong","Correct","Correct","Correct","Correct","Correct","Correct","Wrong","Correct","Correct","Correct","Correct","Wrong","Correct","Correct","Correct","Correct","Correct","Wrong","Correct","Correct","Correct","Correct","Correct","Correct"
1,"Participant 066","Consistant","Target 3 Accuracy","Correct","Correct","Correct","Wrong","Correct","Correct","Correct","Correct","Correct","Correct","Correct","Correct","Correct","Correct","Correct","Correct","Correct","Correct","Correct","Correct","Correct","Correct","Correct","Correct","Correct","Wrong","Correct","Correct","Correct","Correct","Correct","Correct"
1,"Participant 066","Consistant","Target 4 Accuracy","Correct","Wrong","Correct","Correct","Correct","Correct","Correct","Correct","Correct","Correct","Correct","Correct","Wrong","Correct","Correct","Correct","Correct","Correct","Correct","Correct","Correct","Correct","Correct","Wrong","Correct","Correct","Correct","Correct","Correct","Correct","Correct","Correct"
1,"Participant 066","Consistant","Target 5 Accuracy","Correct","Correct","Correct","Correct","Correct","Correct","Correct","Correct","Correct","Correct","Correct","Correct","Correct","Correct","Correct","Correct","Correct","Correct","Correct","Correct","Correct","Correct","Correct","Wrong","Correct","Correct","Correct","Correct","Correct","Correct","Correct","Correct"
1,"Participant 066","Consistant","Target 6 Accuracy","Correct","Correct","Correct","Correct","Correct","Correct","Correct","Correct","Correct","Correct","Correct","Correct","Correct","Correct","Wrong","Correct","Correct","Correct","Correct","Correct","Correct","Correct","Correct","Correct","Correct","Correct","Correct","Correct","Correct","Correct","Correct","Correct"
1,"Participant 066","Consistant","Target 7 Accuracy",,,,,,,,,,,,,,,,,,,,,,,,,,,,,,,,
1,"Participant 066","Consistant","Target 8 Accuracy",,,,,,,,,,,,,,,,,,,,,,,,,,,,,,,,
1,"Participant 066","Consistant","Target 9 Accuracy",,,,,,,,,,,,,,,,,,,,,,,,,,,,,,,,
1,"Participant 066","Consistant","Target 10 Accuracy",,,,,,,,,,,,,,,,,,,,,,,,,,,,,,,,
1,"Participant 066","Consistant","Target 11 Accuracy",,,,,,,,,,,,,,,,,,,,,,,,,,,,,,,,
1,"Participant 066","Consistant","Target 12 Accuracy",,,,,,,,,,,,,,,,,,,,,,,,,,,,,,,,
