1,"Participant 4","Consistant","Target 1 Raw Latency",1154,1841,1389,2122,1139,1514,1825,1654,1201,1622,2324,2324,1903,1326,1263,1545,1123,1545,1498,1653,1264,1092,1887,1170,1154,1280,2793,1747,2683,1560,1310,1825
1,"Participant 4","Consistant","Target 2 Raw Latency",1358,1919,1529,1638,2075,1029,1545,2839,1311,1326,1607,1966,1030,1264,1326,1404,1279,1856,1326,1809,1763,1279,1544,1607,1185,1669,1420,1420,1466,1170,1607,3167
1,"Participant 4","Consistant","Target 3 Raw Latency",1404,1669,2683,2013,1466,1311,1872,1856,1123,1919,1513,3167,1685,1233,1279,2122,1216,1482,1529,2402,1342,1263,1638,1794,1124,1108,2075,1607,1404,1747,1997,1451
1,"Participant 4","Consistant","Target 4 Raw Latency",1045,1669,1779,1919,1123,1201,2309,1685,1248,1076,1638,1498,1841,1358,1747,2871,2184,1123,1606,1373,1107,1138,1420,2589,1201,1155,1358,1669,967,1701,1778,2543
1,"Participant 4","Consistant","Target 5 Raw Latency",1060,1373,1560,1544,1061,952,2324,2480,1170,1326,1638,2933,1514,1216,1451,1653,1217,2371,1419,2340,1560,1966,4321,2496,1544,1670,1950,1576,1202,1264,2371,2605
1,"Participant 4","Consistant","Target 6 Raw Latency",1295,1357,1388,1622,1372,842,2215,1965,1045,1451,1903,1264,1124,1217,1981,1888,1045,1123,1716,1372,1202,1435,2247,2917,1155,1420,3947,1248,1576,998,1389,1591
1,"Participant 4","Consistant","Target 7 Raw Latency",0,0,0,0,0,0,0,0,0,0,0,0,0,0,0,0,0,0,0,0,0,0,0,0,0,0,0,0,0,0,0,0
1,"Participant 4","Consistant","Target 8 Raw Latency",0,0,0,0,0,0,0,0,0,0,0,0,0,0,0,0,0,0,0,0,0,0,0,0,0,0,0,0,0,0,0,0
1,"Participant 4","Consistant","Target 9 Raw Latency",0,0,0,0,0,0,0,0,0,0,0,0,0,0,0,0,0,0,0,0,0,0,0,0,0,0,0,0,0,0,0,0
1,"Participant 4","Consistant","Target 10 Raw Latency",0,0,0,0,0,0,0,0,0,0,0,0,0,0,0,0,0,0,0,0,0,0,0,0,0,0,0,0,0,0,0,0
1,"Participant 4","Consistant","Target 11 Raw Latency",0,0,0,0,0,0,0,0,0,0,0,0,0,0,0,0,0,0,0,0,0,0,0,0,0,0,0,0,0,0,0,0
1,"Participant 4","Consistant","Target 12 Raw Latency",0,0,0,0,0,0,0,0,0,0,0,0,0,0,0,0,0,0,0,0,0,0,0,0,0,0,0,0,0,0,0,0
1,"Participant 4","Consistant","Target 1 Accuracy","Correct","Correct","Correct","Correct","Correct","Correct","Correct","Correct","Correct","Correct","Correct","Correct","Correct","Correct","Correct","Correct","Correct","Correct","Correct","Correct","Correct","Correct","Correct","Correct","Correct","Correct","Correct","Correct","Correct","Correct","Correct","Correct"
1,"Participant 4","Consistant","Target 2 Accuracy","Correct","Correct","Correct","Correct","Correct","Correct","Correct","Correct","Correct","Correct","Correct","Correct","Correct","Correct","Correct","Correct","Correct","Correct","Correct","Correct","Correct","Correct","Correct","Correct","Correct","Correct","Correct","Correct","Correct","Correct","Correct","Correct"
1,"Participant 4","Consistant","Target 3 Accuracy","Correct","Correct","Correct","Correct","Correct","Correct","Wrong","Wrong","Correct","Correct","Correct","Correct","Correct","Correct","Correct","Correct","Wrong","Correct","Correct","Correct","Correct","Correct","Correct","Correct","Correct","Correct","Correct","Correct","Correct","Correct","Correct","Correct"
1,"Participant 4","Consistant","Target 4 Accuracy","Correct","Correct","Correct","Correct","Correct","Correct","Correct","Wrong","Correct","Correct","Correct","Correct","Correct","Correct","Correct","Correct","Correct","Wrong","Correct","Correct","Correct","Correct","Correct","Correct","Correct","Correct","Correct","Correct","Correct","Correct","Correct","Wrong"
1,"Participant 4","Consistant","Target 5 Accuracy","Correct","Wrong","Correct","Correct","Correct","Correct","Correct","Correct","Correct","Correct","Correct","Correct","Correct","Correct","Correct","Correct","Correct","Correct","Correct","Correct","Correct","Correct","Correct","Correct","Correct","Wrong","Correct","Correct","Correct","Correct","Correct","Wrong"
1,"Participant 4","Consistant","Target 6 Accuracy","Correct","Correct","Correct","Correct","Correct","Correct","Correct","Correct","Correct","Correct","Correct","Correct","Correct","Correct","Correct","Correct","Correct","Correct","Correct","Correct","Correct","Wrong","Correct","Correct","Correct","Correct","Correct","Correct","Correct","Correct","Correct","Correct"
1,"Participant 4","Consistant","Target 7 Accuracy",,,,,,,,,,,,,,,,,,,,,,,,,,,,,,,,
1,"Participant 4","Consistant","Target 8 Accuracy",,,,,,,,,,,,,,,,,,,,,,,,,,,,,,,,
1,"Participant 4","Consistant","Target 9 Accuracy",,,,,,,,,,,,,,,,,,,,,,,,,,,,,,,,
1,"Participant 4","Consistant","Target 10 Accuracy",,,,,,,,,,,,,,,,,,,,,,,,,,,,,,,,
1,"Participant 4","Consistant","Target 11 Accuracy",,,,,,,,,,,,,,,,,,,,,,,,,,,,,,,,
1,"Participant 4","Consistant","Target 12 Accuracy",,,,,,,,,,,,,,,,,,,,,,,,,,,,,,,,
