1,"Participant 013","Consistant","Target 1 Raw Latency",858,1060,1513,1357,1264,968,1280,2184,843,780,1389,904,1030,999,1202,1217,998,905,1685,1670,1061,951,1170,1420,936,1248,1061,1685,1123,890,1482,1966
1,"Participant 013","Consistant","Target 2 Raw Latency",936,1217,1108,1748,1139,1607,1731,999,1108,1888,1607,1919,936,1061,2246,1856,858,1373,967,1545,904,1045,1529,2169,921,1060,1684,1732,2200,1092,1357,2621
1,"Participant 013","Consistant","Target 3 Raw Latency",780,1014,1138,1576,1420,1467,1591,1576,968,1591,1997,1669,795,968,1248,2324,889,1123,1420,1716,1232,1045,2668,2106,936,1623,1311,1466,921,1529,1373,1857
1,"Participant 013","Consistant","Target 4 Raw Latency",982,1030,1669,1670,1217,1014,1233,1857,1138,1404,1295,1514,1201,1092,1326,1107,890,2013,1263,2137,1638,1373,1669,1404,1108,1295,1045,2152,1077,1139,1591,1201
1,"Participant 013","Consistant","Target 5 Raw Latency",967,1139,1217,1622,905,1981,1138,1233,1185,1732,1435,1841,1248,1404,2356,1279,795,1107,1186,1108,1029,1155,1451,1482,1092,1872,1279,1420,1248,1389,1747,1123
1,"Participant 013","Consistant","Target 6 Raw Latency",1076,827,1575,1046,1357,905,1294,1030,1092,749,1342,1108,998,1108,1185,1825,1217,968,1279,1139,967,968,1108,1202,952,1202,1264,1497,1108,1076,1233,920
1,"Participant 013","Consistant","Target 7 Raw Latency",0,0,0,0,0,0,0,0,0,0,0,0,0,0,0,0,0,0,0,0,0,0,0,0,0,0,0,0,0,0,0,0
1,"Participant 013","Consistant","Target 8 Raw Latency",0,0,0,0,0,0,0,0,0,0,0,0,0,0,0,0,0,0,0,0,0,0,0,0,0,0,0,0,0,0,0,0
1,"Participant 013","Consistant","Target 9 Raw Latency",0,0,0,0,0,0,0,0,0,0,0,0,0,0,0,0,0,0,0,0,0,0,0,0,0,0,0,0,0,0,0,0
1,"Participant 013","Consistant","Target 10 Raw Latency",0,0,0,0,0,0,0,0,0,0,0,0,0,0,0,0,0,0,0,0,0,0,0,0,0,0,0,0,0,0,0,0
1,"Participant 013","Consistant","Target 11 Raw Latency",0,0,0,0,0,0,0,0,0,0,0,0,0,0,0,0,0,0,0,0,0,0,0,0,0,0,0,0,0,0,0,0
1,"Participant 013","Consistant","Target 12 Raw Latency",0,0,0,0,0,0,0,0,0,0,0,0,0,0,0,0,0,0,0,0,0,0,0,0,0,0,0,0,0,0,0,0
1,"Participant 013","Consistant","Target 1 Accuracy","Correct","Correct","Correct","Correct","Correct","Correct","Correct","Correct","Correct","Correct","Correct","Correct","Correct","Correct","Wrong","Wrong","Correct","Correct","Correct","Correct","Correct","Correct","Correct","Wrong","Correct","Correct","Correct","Correct","Correct","Correct","Correct","Correct"
1,"Participant 013","Consistant","Target 2 Accuracy","Correct","Correct","Correct","Correct","Correct","Correct","Correct","Correct","Correct","Wrong","Correct","Correct","Correct","Correct","Correct","Correct","Correct","Correct","Wrong","Correct","Correct","Correct","Correct","Correct","Correct","Correct","Correct","Wrong","Wrong","Correct","Correct","Correct"
1,"Participant 013","Consistant","Target 3 Accuracy","Correct","Correct","Wrong","Wrong","Correct","Correct","Wrong","Correct","Correct","Correct","Wrong","Correct","Correct","Correct","Correct","Correct","Correct","Correct","Correct","Wrong","Wrong","Correct","Wrong","Wrong","Correct","Wrong","Correct","Correct","Correct","Correct","Correct","Wrong"
1,"Participant 013","Consistant","Target 4 Accuracy","Correct","Correct","Correct","Correct","Correct","Correct","Correct","Correct","Correct","Correct","Correct","Wrong","Correct","Correct","Correct","Wrong","Correct","Correct","Correct","Correct","Correct","Correct","Correct","Wrong","Correct","Correct","Correct","Wrong","Correct","Correct","Correct","Correct"
1,"Participant 013","Consistant","Target 5 Accuracy","Correct","Correct","Correct","Correct","Correct","Correct","Correct","Correct","Correct","Correct","Correct","Wrong","Correct","Correct","Wrong","Correct","Correct","Wrong","Correct","Wrong","Correct","Correct","Correct","Correct","Correct","Wrong","Correct","Wrong","Correct","Correct","Correct","Correct"
1,"Participant 013","Consistant","Target 6 Accuracy","Correct","Correct","Wrong","Correct","Wrong","Wrong","Correct","Correct","Correct","Correct","Correct","Correct","Correct","Correct","Correct","Wrong","Correct","Correct","Correct","Correct","Correct","Correct","Correct","Correct","Correct","Wrong","Correct","Correct","Correct","Correct","Correct","Wrong"
1,"Participant 013","Consistant","Target 7 Accuracy",,,,,,,,,,,,,,,,,,,,,,,,,,,,,,,,
1,"Participant 013","Consistant","Target 8 Accuracy",,,,,,,,,,,,,,,,,,,,,,,,,,,,,,,,
1,"Participant 013","Consistant","Target 9 Accuracy",,,,,,,,,,,,,,,,,,,,,,,,,,,,,,,,
1,"Participant 013","Consistant","Target 10 Accuracy",,,,,,,,,,,,,,,,,,,,,,,,,,,,,,,,
1,"Participant 013","Consistant","Target 11 Accuracy",,,,,,,,,,,,,,,,,,,,,,,,,,,,,,,,
1,"Participant 013","Consistant","Target 12 Accuracy",,,,,,,,,,,,,,,,,,,,,,,,,,,,,,,,
