1,"Participant 28","Consistant","Target 1 Raw Latency",982,1076,1217,1201,1186,1856,1341,2246,983,1107,1248,1388,1326,921,1732,1388,952,1185,1529,1248,1060,1607,1529,1404,967,889,1107,2964,1045,1046,2184,2309
1,"Participant 28","Consistant","Target 2 Raw Latency",1076,1716,1170,1529,1076,1108,1108,1778,843,1061,1092,1030,1029,1373,1029,2028,905,1731,1077,1856,1279,967,4196,1981,905,998,1201,1560,1217,1514,1514,1903
1,"Participant 28","Consistant","Target 3 Raw Latency",1279,1123,3370,1014,1076,1295,1653,2246,936,1092,1810,1747,874,1123,1622,1155,998,2106,1279,1654,1185,1092,1466,1825,1294,1326,1872,1404,1638,1217,1529,1404
1,"Participant 28","Consistant","Target 4 Raw Latency",1217,1124,1373,1498,983,1544,1123,2278,904,1388,1108,1887,1342,1201,1528,1342,858,1232,1779,1217,1310,1123,1248,1451,1108,1217,1154,1263,1045,1061,1404,1529
1,"Participant 28","Consistant","Target 5 Raw Latency",967,1279,1326,1716,904,1014,1732,2200,842,1279,1310,1623,858,1014,1232,2293,843,1045,1685,1170,951,1045,1389,1420,889,1217,1529,1482,1653,1077,1467,2449
1,"Participant 28","Consistant","Target 6 Raw Latency",951,1107,1435,1528,1295,920,1107,1139,936,1794,1186,1420,1015,1107,1232,2324,1124,1279,1451,1279,1123,1279,1809,1279,999,1123,1623,1498,1263,1139,1295,1888
1,"Participant 28","Consistant","Target 7 Raw Latency",0,0,0,0,0,0,0,0,0,0,0,0,0,0,0,0,0,0,0,0,0,0,0,0,0,0,0,0,0,0,0,0
1,"Participant 28","Consistant","Target 8 Raw Latency",0,0,0,0,0,0,0,0,0,0,0,0,0,0,0,0,0,0,0,0,0,0,0,0,0,0,0,0,0,0,0,0
1,"Participant 28","Consistant","Target 9 Raw Latency",0,0,0,0,0,0,0,0,0,0,0,0,0,0,0,0,0,0,0,0,0,0,0,0,0,0,0,0,0,0,0,0
1,"Participant 28","Consistant","Target 10 Raw Latency",0,0,0,0,0,0,0,0,0,0,0,0,0,0,0,0,0,0,0,0,0,0,0,0,0,0,0,0,0,0,0,0
1,"Participant 28","Consistant","Target 11 Raw Latency",0,0,0,0,0,0,0,0,0,0,0,0,0,0,0,0,0,0,0,0,0,0,0,0,0,0,0,0,0,0,0,0
1,"Participant 28","Consistant","Target 12 Raw Latency",0,0,0,0,0,0,0,0,0,0,0,0,0,0,0,0,0,0,0,0,0,0,0,0,0,0,0,0,0,0,0,0
1,"Participant 28","Consistant","Target 1 Accuracy","Correct","Correct","Correct","Correct","Correct","Correct","Correct","Correct","Correct","Wrong","Correct","Correct","Wrong","Correct","Correct","Correct","Correct","Correct","Correct","Correct","Correct","Correct","Correct","Correct","Correct","Correct","Correct","Correct","Correct","Correct","Correct","Wrong"
1,"Participant 28","Consistant","Target 2 Accuracy","Correct","Correct","Correct","Correct","Correct","Correct","Correct","Correct","Correct","Correct","Correct","Correct","Correct","Wrong","Wrong","Correct","Correct","Correct","Correct","Correct","Correct","Correct","Wrong","Correct","Correct","Correct","Correct","Wrong","Wrong","Correct","Wrong","Correct"
1,"Participant 28","Consistant","Target 3 Accuracy","Correct","Correct","Correct","Correct","Correct","Correct","Correct","Wrong","Correct","Correct","Correct","Correct","Correct","Correct","Correct","Correct","Correct","Correct","Correct","Correct","Correct","Correct","Correct","Correct","Correct","Correct","Correct","Wrong","Wrong","Correct","Correct","Correct"
1,"Participant 28","Consistant","Target 4 Accuracy","Correct","Correct","Correct","Correct","Correct","Correct","Correct","Correct","Correct","Correct","Correct","Correct","Correct","Correct","Correct","Wrong","Correct","Correct","Correct","Correct","Correct","Correct","Correct","Correct","Correct","Correct","Correct","Correct","Correct","Correct","Correct","Wrong"
1,"Participant 28","Consistant","Target 5 Accuracy","Correct","Correct","Wrong","Correct","Correct","Correct","Correct","Correct","Correct","Correct","Correct","Correct","Correct","Correct","Correct","Correct","Correct","Correct","Correct","Correct","Correct","Correct","Correct","Correct","Correct","Correct","Correct","Wrong","Correct","Correct","Correct","Wrong"
1,"Participant 28","Consistant","Target 6 Accuracy","Correct","Correct","Correct","Correct","Correct","Correct","Correct","Correct","Correct","Correct","Correct","Correct","Correct","Correct","Correct","Wrong","Correct","Wrong","Correct","Correct","Correct","Correct","Wrong","Wrong","Correct","Correct","Correct","Correct","Correct","Correct","Correct","Correct"
1,"Participant 28","Consistant","Target 7 Accuracy",,,,,,,,,,,,,,,,,,,,,,,,,,,,,,,,
1,"Participant 28","Consistant","Target 8 Accuracy",,,,,,,,,,,,,,,,,,,,,,,,,,,,,,,,
1,"Participant 28","Consistant","Target 9 Accuracy",,,,,,,,,,,,,,,,,,,,,,,,,,,,,,,,
1,"Participant 28","Consistant","Target 10 Accuracy",,,,,,,,,,,,,,,,,,,,,,,,,,,,,,,,
1,"Participant 28","Consistant","Target 11 Accuracy",,,,,,,,,,,,,,,,,,,,,,,,,,,,,,,,
1,"Participant 28","Consistant","Target 12 Accuracy",,,,,,,,,,,,,,,,,,,,,,,,,,,,,,,,
