1,"Participant 053","Consistant","Target 1 Raw Latency",1139,1451,1389,1404,1154,1077,1404,1997,2138,1295,1544,1123,1451,1857,1762,1670,1263,1950,1388,1217,1076,905,1560,1388,967,1201,1466,1981,1123,1404,2340,1404
1,"Participant 053","Consistant","Target 2 Raw Latency",1248,1607,1514,1607,1529,1934,1950,1809,1373,2043,1466,1716,1014,1638,1467,1763,1279,1279,1404,2091,1139,3369,1233,1934,1092,1279,1154,1794,1030,1857,1514,1669
1,"Participant 053","Consistant","Target 3 Raw Latency",1732,1326,1373,1606,1840,1467,1545,1607,1342,1825,1997,1545,1139,2215,1919,2075,1732,1107,1513,1295,2387,1357,1389,1482,1513,1045,1217,1419,905,1077,1264,1295
1,"Participant 053","Consistant","Target 4 Raw Latency",1154,3339,1232,1373,1638,1123,1591,1545,1139,1170,3572,2527,1326,1264,1514,1623,1404,1373,1186,1779,1404,2090,1638,1716,1170,1358,2152,1341,1108,1435,1592,1545
1,"Participant 053","Consistant","Target 5 Raw Latency",1077,1763,2028,1934,1826,1201,1825,2356,1123,1389,1248,1653,3588,1217,1623,2029,1170,1233,1420,1778,1076,1217,1248,1701,1498,1497,1857,2215,1233,1248,1716,2075
1,"Participant 053","Consistant","Target 6 Raw Latency",1014,1108,2106,1201,1358,921,1965,1373,967,1092,1232,1373,1170,1076,1404,1528,1077,999,1326,1389,1326,1029,1997,2792,1014,1794,1404,1155,951,952,1778,1544
1,"Participant 053","Consistant","Target 7 Raw Latency",0,0,0,0,0,0,0,0,0,0,0,0,0,0,0,0,0,0,0,0,0,0,0,0,0,0,0,0,0,0,0,0
1,"Participant 053","Consistant","Target 8 Raw Latency",0,0,0,0,0,0,0,0,0,0,0,0,0,0,0,0,0,0,0,0,0,0,0,0,0,0,0,0,0,0,0,0
1,"Participant 053","Consistant","Target 9 Raw Latency",0,0,0,0,0,0,0,0,0,0,0,0,0,0,0,0,0,0,0,0,0,0,0,0,0,0,0,0,0,0,0,0
1,"Participant 053","Consistant","Target 10 Raw Latency",0,0,0,0,0,0,0,0,0,0,0,0,0,0,0,0,0,0,0,0,0,0,0,0,0,0,0,0,0,0,0,0
1,"Participant 053","Consistant","Target 11 Raw Latency",0,0,0,0,0,0,0,0,0,0,0,0,0,0,0,0,0,0,0,0,0,0,0,0,0,0,0,0,0,0,0,0
1,"Participant 053","Consistant","Target 12 Raw Latency",0,0,0,0,0,0,0,0,0,0,0,0,0,0,0,0,0,0,0,0,0,0,0,0,0,0,0,0,0,0,0,0
1,"Participant 053","Consistant","Target 1 Accuracy","Correct","Correct","Correct","Correct","Correct","Correct","Correct","Correct","Correct","Correct","Correct","Correct","Correct","Correct","Correct","Correct","Correct","Correct","Correct","Correct","Correct","Correct","Wrong","Correct","Correct","Correct","Correct","Correct","Correct","Correct","Correct","Correct"
1,"Participant 053","Consistant","Target 2 Accuracy","Correct","Correct","Correct","Correct","Correct","Correct","Correct","Correct","Correct","Correct","Correct","Correct","Correct","Wrong","Correct","Correct","Correct","Correct","Correct","Correct","Correct","Correct","Correct","Correct","Correct","Correct","Correct","Correct","Correct","Correct","Correct","Correct"
1,"Participant 053","Consistant","Target 3 Accuracy","Correct","Correct","Correct","Correct","Correct","Correct","Correct","Correct","Correct","Correct","Correct","Correct","Correct","Correct","Correct","Correct","Correct","Correct","Correct","Correct","Correct","Correct","Correct","Correct","Correct","Correct","Correct","Correct","Correct","Correct","Correct","Correct"
1,"Participant 053","Consistant","Target 4 Accuracy","Correct","Wrong","Correct","Correct","Correct","Correct","Correct","Correct","Correct","Correct","Correct","Correct","Correct","Correct","Correct","Correct","Correct","Correct","Correct","Correct","Correct","Correct","Wrong","Wrong","Correct","Correct","Correct","Correct","Correct","Correct","Correct","Correct"
1,"Participant 053","Consistant","Target 5 Accuracy","Correct","Correct","Correct","Correct","Wrong","Correct","Correct","Correct","Correct","Correct","Correct","Correct","Correct","Correct","Wrong","Correct","Correct","Correct","Correct","Correct","Correct","Correct","Correct","Correct","Correct","Wrong","Correct","Correct","Correct","Correct","Correct","Correct"
1,"Participant 053","Consistant","Target 6 Accuracy","Correct","Correct","Correct","Correct","Correct","Correct","Correct","Correct","Wrong","Correct","Correct","Correct","Correct","Correct","Correct","Correct","Correct","Correct","Correct","Correct","Wrong","Correct","Correct","Correct","Correct","Correct","Correct","Correct","Correct","Correct","Correct","Correct"
1,"Participant 053","Consistant","Target 7 Accuracy",,,,,,,,,,,,,,,,,,,,,,,,,,,,,,,,
1,"Participant 053","Consistant","Target 8 Accuracy",,,,,,,,,,,,,,,,,,,,,,,,,,,,,,,,
1,"Participant 053","Consistant","Target 9 Accuracy",,,,,,,,,,,,,,,,,,,,,,,,,,,,,,,,
1,"Participant 053","Consistant","Target 10 Accuracy",,,,,,,,,,,,,,,,,,,,,,,,,,,,,,,,
1,"Participant 053","Consistant","Target 11 Accuracy",,,,,,,,,,,,,,,,,,,,,,,,,,,,,,,,
1,"Participant 053","Consistant","Target 12 Accuracy",,,,,,,,,,,,,,,,,,,,,,,,,,,,,,,,
