1,"Participant 039","Consistant","Target 1 Raw Latency",983,1124,1373,1498,1029,999,1170,1248,1981,952,1826,1685,2511,952,3354,1139,1248,1684,1310,1186,1279,1263,1186,1217,1623,983,1092,1248,1497,1232,1389,2122
1,"Participant 039","Consistant","Target 2 Raw Latency",951,1014,1093,1685,2231,1139,1248,1279,1014,1232,1201,1685,1280,1170,2340,1450,1154,1841,1201,1373,1123,1076,1263,1794,1123,1170,1653,1622,920,1108,1342,1326
1,"Participant 039","Consistant","Target 3 Raw Latency",998,1232,1856,1186,1061,1014,1575,1841,1014,1139,1467,1326,1077,1279,1264,1903,1201,1232,1185,1217,1014,1170,1201,1529,936,1763,1419,1497,1014,1030,1310,1435
1,"Participant 039","Consistant","Target 4 Raw Latency",999,1467,1170,1233,1045,1139,1435,1451,874,1700,1310,1794,1077,1092,2028,2029,1029,1653,1419,1342,1201,1077,1186,1341,967,1513,1108,1420,1248,1622,1326,1607
1,"Participant 039","Consistant","Target 5 Raw Latency",998,1201,1232,1123,1092,1263,1232,1373,1014,1404,1560,1919,1513,1872,1186,1607,936,1466,1326,1435,1513,1138,1591,1030,1061,2012,1342,1966,1326,1466,1310,1965
1,"Participant 039","Consistant","Target 6 Raw Latency",889,1950,1404,1076,1092,1201,951,1669,2418,858,1342,1092,1685,1185,1638,858,1591,1061,1170,983,1014,921,1045,2043,1123,1840,1217,2013,1311,874,1201,1216
1,"Participant 039","Consistant","Target 7 Raw Latency",0,0,0,0,0,0,0,0,0,0,0,0,0,0,0,0,0,0,0,0,0,0,0,0,0,0,0,0,0,0,0,0
1,"Participant 039","Consistant","Target 8 Raw Latency",0,0,0,0,0,0,0,0,0,0,0,0,0,0,0,0,0,0,0,0,0,0,0,0,0,0,0,0,0,0,0,0
1,"Participant 039","Consistant","Target 9 Raw Latency",0,0,0,0,0,0,0,0,0,0,0,0,0,0,0,0,0,0,0,0,0,0,0,0,0,0,0,0,0,0,0,0
1,"Participant 039","Consistant","Target 10 Raw Latency",0,0,0,0,0,0,0,0,0,0,0,0,0,0,0,0,0,0,0,0,0,0,0,0,0,0,0,0,0,0,0,0
1,"Participant 039","Consistant","Target 11 Raw Latency",0,0,0,0,0,0,0,0,0,0,0,0,0,0,0,0,0,0,0,0,0,0,0,0,0,0,0,0,0,0,0,0
1,"Participant 039","Consistant","Target 12 Raw Latency",0,0,0,0,0,0,0,0,0,0,0,0,0,0,0,0,0,0,0,0,0,0,0,0,0,0,0,0,0,0,0,0
1,"Participant 039","Consistant","Target 1 Accuracy","Correct","Correct","Correct","Correct","Correct","Correct","Correct","Wrong","Wrong","Wrong","Wrong","Correct","Correct","Correct","Wrong","Correct","Correct","Correct","Correct","Correct","Correct","Correct","Correct","Correct","Correct","Correct","Correct","Wrong","Correct","Correct","Correct","Correct"
1,"Participant 039","Consistant","Target 2 Accuracy","Correct","Correct","Correct","Correct","Correct","Correct","Correct","Correct","Correct","Correct","Correct","Correct","Correct","Correct","Wrong","Correct","Correct","Correct","Correct","Correct","Correct","Correct","Correct","Correct","Correct","Correct","Correct","Wrong","Correct","Correct","Correct","Wrong"
1,"Participant 039","Consistant","Target 3 Accuracy","Correct","Correct","Correct","Wrong","Correct","Correct","Correct","Correct","Correct","Correct","Correct","Correct","Correct","Wrong","Correct","Correct","Correct","Wrong","Correct","Correct","Correct","Correct","Correct","Correct","Correct","Wrong","Correct","Correct","Correct","Correct","Correct","Correct"
1,"Participant 039","Consistant","Target 4 Accuracy","Correct","Correct","Correct","Correct","Correct","Correct","Correct","Correct","Correct","Correct","Correct","Wrong","Wrong","Wrong","Wrong","Correct","Correct","Correct","Correct","Correct","Correct","Correct","Correct","Wrong","Correct","Correct","Correct","Correct","Correct","Correct","Correct","Wrong"
1,"Participant 039","Consistant","Target 5 Accuracy","Correct","Correct","Wrong","Correct","Correct","Correct","Wrong","Correct","Wrong","Correct","Wrong","Correct","Correct","Correct","Correct","Wrong","Correct","Correct","Correct","Correct","Correct","Correct","Correct","Correct","Correct","Correct","Wrong","Correct","Correct","Correct","Correct","Correct"
1,"Participant 039","Consistant","Target 6 Accuracy","Correct","Correct","Correct","Correct","Correct","Correct","Correct","Wrong","Correct","Correct","Correct","Correct","Wrong","Correct","Correct","Wrong","Correct","Correct","Correct","Correct","Correct","Correct","Correct","Correct","Correct","Wrong","Correct","Wrong","Correct","Correct","Correct","Correct"
1,"Participant 039","Consistant","Target 7 Accuracy",,,,,,,,,,,,,,,,,,,,,,,,,,,,,,,,
1,"Participant 039","Consistant","Target 8 Accuracy",,,,,,,,,,,,,,,,,,,,,,,,,,,,,,,,
1,"Participant 039","Consistant","Target 9 Accuracy",,,,,,,,,,,,,,,,,,,,,,,,,,,,,,,,
1,"Participant 039","Consistant","Target 10 Accuracy",,,,,,,,,,,,,,,,,,,,,,,,,,,,,,,,
1,"Participant 039","Consistant","Target 11 Accuracy",,,,,,,,,,,,,,,,,,,,,,,,,,,,,,,,
1,"Participant 039","Consistant","Target 12 Accuracy",,,,,,,,,,,,,,,,,,,,,,,,,,,,,,,,
